/*******************************************************************************
 * Size: 16 px
 * Bpp: 2
 * Opts: --bpp 2 --size 16 --no-compress --stride 1 --align 1 --font simhei.ttf --symbols 启动温湿度灯光照强度喷药状态声音警报开关闭当前植物病害检测置信始停止上次刚无等待图像系统画面预览大中小多云晴阴雨雪雾霾风雷阵°天气首页环境欢迎来到自然选择号年日月星期一二三四六五阈值设车控制模式避障手动跟随速度前进方向控制正常异玉米非生物病害蚜虫弯孢霉叶斑蠕菌健康锈草地贪夜蛾成幼虫条纹未已连接密码名称配置静语调量北京来宾市南宁传感器历史数据暂无刷新城市保存中成功失败拼如清空确认间隔分钟 --range 32-127 --format lvgl -o myfont.c
 ******************************************************************************/

#ifdef __has_include
    #if __has_include("lvgl.h")
        #ifndef LV_LVGL_H_INCLUDE_SIMPLE
            #define LV_LVGL_H_INCLUDE_SIMPLE
        #endif
    #endif
#endif

#ifdef LV_LVGL_H_INCLUDE_SIMPLE
    #include "lvgl.h"
#else
    #include "lvgl/lvgl.h"
#endif



#ifndef MYFONT
#define MYFONT 1
#endif

#if MYFONT

/*-----------------
 *    BITMAPS
 *----------------*/

/*Store the image of the glyphs*/
static LV_ATTRIBUTE_LARGE_CONST const uint8_t glyph_bitmap[] = {
    /* U+0020 " " */

    /* U+0021 "!" */
    0xee, 0xee, 0xe9, 0x99, 0x90, 0xef,

    /* U+0022 "\"" */
    0xd7, 0xd7, 0xc6, 0x41,

    /* U+0023 "#" */
    0x6, 0x18, 0x9, 0x24, 0x9, 0x24, 0xd, 0x24,
    0xbf, 0xfe, 0xc, 0x34, 0xc, 0x30, 0x1c, 0x30,
    0xbf, 0xfe, 0x28, 0xa0, 0x24, 0x90, 0x24, 0x90,

    /* U+0024 "$" */
    0x2, 0x40, 0x2f, 0x82, 0xeb, 0x4d, 0x9e, 0x3a,
    0x40, 0xbd, 0x0, 0xb8, 0x0, 0xbc, 0x2, 0x78,
    0xc9, 0xb3, 0x66, 0x8b, 0xad, 0xb, 0xe0, 0x9,
    0x0, 0x10, 0x0,

    /* U+0025 "%" */
    0x3c, 0x4, 0x69, 0x10, 0x99, 0x20, 0x99, 0x50,
    0x69, 0x80, 0x3c, 0x40, 0x2, 0x38, 0x2, 0x99,
    0x4, 0x99, 0x8, 0x99, 0x4, 0x99, 0x10, 0x38,

    /* U+0026 "&" */
    0xb, 0xc0, 0x1d, 0xe0, 0x18, 0xa0, 0x1c, 0xd0,
    0xe, 0xc0, 0xf, 0x0, 0x2f, 0x4, 0x73, 0x8c,
    0xa0, 0xec, 0x70, 0x78, 0x39, 0xbd, 0x1f, 0xc4,

    /* U+0027 "'" */
    0x30, 0xc3, 0x4,

    /* U+0028 "(" */
    0x0, 0x0, 0xc0, 0x90, 0x70, 0x34, 0xc, 0x2,
    0x1, 0x80, 0x60, 0x8, 0x3, 0x0, 0x90, 0x1c,
    0x2, 0x80, 0x30, 0x0,

    /* U+0029 ")" */
    0x0, 0x1c, 0x2, 0x80, 0x30, 0x6, 0x0, 0xc0,
    0x30, 0xc, 0x3, 0x0, 0xc0, 0x30, 0x18, 0xc,
    0x9, 0x6, 0x0, 0x0,

    /* U+002A "*" */
    0x2, 0x80, 0x2, 0x80, 0x76, 0x9d, 0x1f, 0xf4,
    0xb, 0xe0, 0x7e, 0xbd, 0x12, 0x84, 0x2, 0x80,
    0x1, 0x40,

    /* U+002B "+" */
    0x1, 0x40, 0x2, 0x40, 0x2, 0x40, 0x2, 0x40,
    0xbf, 0xfd, 0x2, 0x80, 0x2, 0x40, 0x2, 0x40,

    /* U+002C "," */
    0x5b, 0x28,

    /* U+002D "-" */
    0xbf, 0xfd, 0x0, 0x0,

    /* U+002E "." */
    0x5e,

    /* U+002F "/" */
    0x0, 0x0, 0x0, 0x8, 0x0, 0x8, 0x0, 0x20,
    0x0, 0x60, 0x0, 0xc0, 0x1, 0x80, 0x3, 0x0,
    0x5, 0x0, 0xc, 0x0, 0x14, 0x0, 0x30, 0x0,
    0x50, 0x0, 0x0, 0x0,

    /* U+0030 "0" */
    0xb, 0xd0, 0x1d, 0x74, 0x34, 0x28, 0x30, 0x1c,
    0x70, 0xc, 0x70, 0xc, 0x70, 0xc, 0x70, 0xc,
    0x30, 0x1c, 0x38, 0x28, 0x1e, 0xb0, 0x7, 0x80,
    0x0, 0x0,

    /* U+0031 "1" */
    0x7, 0xf, 0x7f, 0x5b, 0xb, 0xb, 0xb, 0xb,
    0xb, 0xb, 0xb, 0xb,

    /* U+0032 "2" */
    0x0, 0x0, 0xb, 0xe0, 0x3d, 0x78, 0x70, 0x2c,
    0x0, 0x1c, 0x0, 0x28, 0x0, 0x30, 0x0, 0xe0,
    0x2, 0xc0, 0x7, 0x40, 0xe, 0x0, 0x3c, 0x0,
    0x3f, 0xfc,

    /* U+0033 "3" */
    0x6, 0x90, 0x1d, 0xb4, 0x34, 0x2c, 0x10, 0x1c,
    0x0, 0x38, 0x2, 0xe0, 0x1, 0xb4, 0x0, 0x2c,
    0x0, 0x1c, 0x30, 0x1c, 0x3d, 0x74, 0xb, 0xd0,

    /* U+0034 "4" */
    0x0, 0x30, 0x0, 0xb0, 0x1, 0xf0, 0x3, 0x70,
    0xb, 0x30, 0xc, 0x30, 0x34, 0x30, 0x70, 0x30,
    0xff, 0xfe, 0x0, 0x34, 0x0, 0x30, 0x0, 0x30,

    /* U+0035 "5" */
    0x1f, 0xf8, 0x28, 0x0, 0x24, 0x0, 0x34, 0x0,
    0x3f, 0xe0, 0x79, 0x74, 0x0, 0x2c, 0x0, 0x1c,
    0x0, 0x1c, 0xa0, 0x2c, 0x39, 0xb4, 0x1f, 0xd0,

    /* U+0036 "6" */
    0x0, 0xe0, 0x2, 0xc0, 0x3, 0x40, 0xb, 0x0,
    0x1e, 0x90, 0x3f, 0xfc, 0x38, 0x1d, 0x70, 0xe,
    0x70, 0xe, 0x30, 0xd, 0x2d, 0x7c, 0xb, 0xf0,

    /* U+0037 "7" */
    0x7f, 0xfd, 0x0, 0x1c, 0x0, 0x28, 0x0, 0x30,
    0x0, 0x70, 0x0, 0xd0, 0x1, 0xc0, 0x2, 0x80,
    0x3, 0x40, 0x7, 0x0, 0xb, 0x0, 0xe, 0x0,

    /* U+0038 "8" */
    0xb, 0xe0, 0x39, 0x74, 0x30, 0x2c, 0x30, 0x1c,
    0x38, 0x34, 0x1f, 0xe0, 0x39, 0x74, 0x70, 0x1c,
    0xa0, 0xc, 0x70, 0x1c, 0x3e, 0xb8, 0x1f, 0xe0,

    /* U+0039 "9" */
    0xb, 0xd0, 0x3d, 0xb4, 0x70, 0x2c, 0xa0, 0x1c,
    0xa0, 0x1c, 0x70, 0x38, 0x3f, 0xf0, 0x5, 0xe0,
    0x1, 0xc0, 0x2, 0x80, 0x3, 0x0, 0xa, 0x0,

    /* U+003A ":" */
    0xe5, 0x0, 0x0, 0x5e,

    /* U+003B ";" */
    0xe5, 0x0, 0x0, 0x5e, 0x58,

    /* U+003C "<" */
    0x0, 0x0, 0x0, 0xc, 0x0, 0x34, 0x0, 0xd0,
    0x3, 0x40, 0xd, 0x0, 0x34, 0x0, 0x34, 0x0,
    0xd, 0x0, 0x3, 0x40, 0x0, 0xd0, 0x0, 0x38,
    0x0, 0x8, 0x0, 0x0,

    /* U+003D "=" */
    0xbf, 0xfd, 0x0, 0x0, 0x0, 0x0, 0x0, 0x0,
    0xbf, 0xfd, 0x0, 0x0,

    /* U+003E ">" */
    0x0, 0x0, 0x70, 0x0, 0x1c, 0x0, 0x7, 0x0,
    0x1, 0xc0, 0x0, 0x70, 0x0, 0x1c, 0x0, 0x1c,
    0x0, 0x60, 0x2, 0x80, 0xa, 0x0, 0x28, 0x0,
    0x60, 0x0, 0x0, 0x0,

    /* U+003F "?" */
    0xb, 0xe0, 0xb5, 0xd3, 0x43, 0x8c, 0xf, 0x0,
    0x34, 0x3, 0xc0, 0x2c, 0x0, 0xd0, 0x1, 0x0,
    0x0, 0x0, 0x24, 0x0, 0xd0,

    /* U+0040 "@" */
    0x6, 0xa0, 0x14, 0x8, 0x21, 0xa8, 0x56, 0x35,
    0x8c, 0x61, 0x8c, 0x51, 0x8c, 0x95, 0x8c, 0xd8,
    0x4b, 0x74, 0x10, 0x0, 0x20, 0x10, 0xa, 0x90,

    /* U+0041 "A" */
    0x3, 0x80, 0x3, 0xc0, 0x7, 0xc0, 0xa, 0xd0,
    0xd, 0xa0, 0xc, 0x70, 0x1c, 0x34, 0x2f, 0xf8,
    0x38, 0x2c, 0x34, 0x1c, 0x70, 0xd, 0xb0, 0xe,

    /* U+0042 "B" */
    0x7f, 0xe0, 0x75, 0x78, 0x70, 0x1c, 0x70, 0x1c,
    0x70, 0x38, 0x7f, 0xf0, 0x74, 0x78, 0x70, 0x1c,
    0x70, 0xd, 0x70, 0x1d, 0x75, 0x7c, 0x7f, 0xe0,

    /* U+0043 "C" */
    0x7, 0xe0, 0x1e, 0x78, 0x38, 0x1c, 0x34, 0xd,
    0x70, 0x4, 0x70, 0x0, 0x70, 0x0, 0x70, 0xd,
    0x34, 0xd, 0x38, 0x1c, 0x1e, 0x78, 0x7, 0xe0,

    /* U+0044 "D" */
    0x7f, 0x80, 0x75, 0xf4, 0x70, 0x3c, 0x70, 0x1c,
    0x70, 0x1c, 0x70, 0xd, 0x70, 0xd, 0x70, 0x1c,
    0x70, 0x1c, 0x70, 0x38, 0x75, 0xf0, 0x7f, 0x80,

    /* U+0045 "E" */
    0x3f, 0xfc, 0x39, 0x54, 0x34, 0x0, 0x34, 0x0,
    0x34, 0x0, 0x3f, 0xf8, 0x34, 0x0, 0x34, 0x0,
    0x34, 0x0, 0x34, 0x0, 0x35, 0x54, 0x3f, 0xfd,

    /* U+0046 "F" */
    0x7f, 0xfd, 0x75, 0x54, 0x70, 0x0, 0x70, 0x0,
    0x70, 0x0, 0x70, 0x0, 0x7f, 0xf0, 0x74, 0x0,
    0x70, 0x0, 0x70, 0x0, 0x70, 0x0, 0x70, 0x0,

    /* U+0047 "G" */
    0x7, 0xe0, 0x1d, 0x74, 0x38, 0x2c, 0x34, 0x1c,
    0x70, 0x0, 0x70, 0x0, 0x70, 0xfc, 0x70, 0x1c,
    0x74, 0xc, 0x38, 0x1c, 0x1e, 0x7c, 0xb, 0xdc,

    /* U+0048 "H" */
    0x70, 0x1c, 0x70, 0x1c, 0x70, 0x1c, 0x70, 0x1c,
    0x70, 0x1c, 0x7f, 0xfc, 0x74, 0x1c, 0x70, 0x1c,
    0x70, 0x1c, 0x70, 0x1c, 0x70, 0x1c, 0x70, 0x1c,

    /* U+0049 "I" */
    0xee, 0xee, 0xee, 0xee, 0xee, 0xee,

    /* U+004A "J" */
    0x0, 0x1c, 0x0, 0x70, 0x1, 0xc0, 0x7, 0x0,
    0x1c, 0x0, 0x70, 0x1, 0xc8, 0x7, 0x34, 0x1c,
    0xd0, 0xb2, 0xdb, 0x42, 0xf8,

    /* U+004B "K" */
    0x70, 0x2c, 0x70, 0x74, 0x70, 0xe0, 0x72, 0xc0,
    0x7b, 0x40, 0x7f, 0x40, 0x7e, 0xc0, 0x70, 0xd0,
    0x70, 0xb0, 0x70, 0x34, 0x70, 0x2c, 0x70, 0xd,

    /* U+004C "L" */
    0x70, 0x0, 0x70, 0x0, 0x70, 0x0, 0x70, 0x0,
    0x70, 0x0, 0x70, 0x0, 0x70, 0x0, 0x70, 0x0,
    0x70, 0x0, 0x70, 0x0, 0x75, 0x54, 0x7f, 0xfd,

    /* U+004D "M" */
    0x78, 0x2d, 0x7c, 0x3d, 0x7c, 0x3d, 0x7c, 0x3d,
    0x7d, 0x6d, 0x79, 0xad, 0x7a, 0x9d, 0x77, 0xcd,
    0x73, 0xcd, 0x73, 0xcd, 0x73, 0x8d, 0x72, 0x8d,

    /* U+004E "N" */
    0x74, 0x1c, 0x7c, 0x1c, 0x7c, 0x1c, 0x7e, 0x1c,
    0x77, 0x1c, 0x73, 0x5c, 0x72, 0xdc, 0x70, 0xdc,
    0x70, 0xfc, 0x70, 0x7c, 0x70, 0x3c, 0x70, 0x2c,

    /* U+004F "O" */
    0xb, 0xe0, 0x2d, 0x78, 0x34, 0x2c, 0x70, 0x1c,
    0x70, 0xd, 0xb0, 0xd, 0xb0, 0xd, 0x70, 0xd,
    0x70, 0x1c, 0x34, 0x2c, 0x2d, 0x74, 0xb, 0xe0,

    /* U+0050 "P" */
    0x3f, 0xe0, 0x35, 0x7c, 0x34, 0x1c, 0x34, 0xd,
    0x34, 0xc, 0x34, 0x2c, 0x3f, 0xf0, 0x34, 0x0,
    0x34, 0x0, 0x34, 0x0, 0x34, 0x0, 0x34, 0x0,

    /* U+0051 "Q" */
    0xb, 0xe0, 0x2d, 0x78, 0x34, 0x2c, 0x70, 0x1c,
    0x70, 0xd, 0xb0, 0xd, 0xb0, 0xd, 0x70, 0x4d,
    0x70, 0xec, 0x34, 0xbc, 0x2d, 0xb8, 0xb, 0xfc,
    0x0, 0x0,

    /* U+0052 "R" */
    0x7f, 0xe0, 0x75, 0x78, 0x70, 0x1c, 0x70, 0x1c,
    0x70, 0x1c, 0x70, 0x3c, 0x7f, 0xf0, 0x75, 0xd0,
    0x70, 0xb0, 0x70, 0x34, 0x70, 0x2c, 0x70, 0xd,

    /* U+0053 "S" */
    0xb, 0xe0, 0x2d, 0xb4, 0x34, 0x2c, 0x34, 0x4,
    0x3d, 0x0, 0xf, 0xc0, 0x1, 0xf4, 0x0, 0x2c,
    0x70, 0x1c, 0x70, 0x1c, 0x3d, 0x78, 0xb, 0xe0,

    /* U+0054 "T" */
    0x7f, 0xfc, 0x17, 0x94, 0x3, 0x80, 0x3, 0x80,
    0x3, 0x80, 0x3, 0x80, 0x3, 0x80, 0x3, 0x80,
    0x3, 0x80, 0x3, 0x80, 0x3, 0x80, 0x3, 0x80,

    /* U+0055 "U" */
    0x70, 0x1c, 0x70, 0x1c, 0x70, 0x1c, 0x70, 0x1c,
    0x70, 0x1c, 0x70, 0x1c, 0x70, 0x1c, 0x70, 0x1c,
    0x70, 0x1c, 0x34, 0x1c, 0x3d, 0x78, 0xb, 0xe0,

    /* U+0056 "V" */
    0xa0, 0xd, 0x70, 0xc, 0x30, 0x1c, 0x34, 0x28,
    0x28, 0x34, 0x1c, 0x30, 0xc, 0x70, 0xd, 0xa0,
    0xa, 0xd0, 0x7, 0xc0, 0x3, 0xc0, 0x3, 0x80,

    /* U+0057 "W" */
    0xd3, 0x8a, 0xe3, 0x8e, 0xa3, 0xcd, 0xa3, 0xcd,
    0x76, 0xcc, 0x76, 0xdc, 0x39, 0xac, 0x3d, 0xbc,
    0x3c, 0x78, 0x3c, 0x78, 0x2c, 0x34, 0x2c, 0x34,

    /* U+0058 "X" */
    0x34, 0x2c, 0x28, 0x34, 0x1c, 0x70, 0xe, 0xe0,
    0x7, 0xc0, 0x3, 0x80, 0x3, 0xc0, 0xa, 0xd0,
    0xd, 0xb0, 0x2c, 0x34, 0x34, 0x2c, 0xb0, 0xd,

    /* U+0059 "Y" */
    0xb0, 0xd, 0x34, 0x2c, 0x2c, 0x34, 0xc, 0x70,
    0xa, 0xe0, 0x7, 0xc0, 0x3, 0x80, 0x3, 0x80,
    0x3, 0x80, 0x3, 0x80, 0x3, 0x80, 0x3, 0x80,

    /* U+005A "Z" */
    0x3f, 0xfc, 0x15, 0x6c, 0x0, 0x34, 0x0, 0xb0,
    0x0, 0xd0, 0x2, 0xc0, 0x3, 0x40, 0xa, 0x0,
    0xc, 0x0, 0x38, 0x0, 0x75, 0x54, 0x7f, 0xfd,

    /* U+005B "[" */
    0xff, 0x34, 0xc, 0x3, 0x0, 0xc0, 0x30, 0xc,
    0x3, 0x0, 0xc0, 0x30, 0xc, 0x3, 0x0, 0xc0,
    0x30, 0xf, 0xf0, 0x0,

    /* U+005C "\\" */
    0x30, 0x0, 0x24, 0x0, 0x18, 0x0, 0xc, 0x0,
    0x9, 0x0, 0x3, 0x0, 0x3, 0x0, 0x1, 0x80,
    0x0, 0xc0, 0x0, 0x90, 0x0, 0x60, 0x0, 0x30,
    0x0, 0x24, 0x0, 0xc,

    /* U+005D "]" */
    0x3f, 0x80, 0x60, 0x18, 0x6, 0x1, 0x80, 0x60,
    0x18, 0x6, 0x1, 0x80, 0x60, 0x18, 0x6, 0x1,
    0x80, 0x63, 0xf8, 0x0,

    /* U+005E "^" */
    0x7, 0xc0, 0x3a, 0x82, 0x82, 0x40,

    /* U+005F "_" */
    0xff, 0xfe,

    /* U+0060 "`" */
    0xb0, 0x2c, 0xd,

    /* U+0061 "a" */
    0xb, 0xe0, 0x2d, 0x74, 0x10, 0x28, 0x6, 0xf8,
    0x3e, 0x68, 0x70, 0x28, 0x34, 0xb8, 0x1f, 0xac,

    /* U+0062 "b" */
    0x70, 0x0, 0x70, 0x0, 0x70, 0x0, 0x70, 0x0,
    0x77, 0xe0, 0x7d, 0x74, 0x74, 0x2c, 0x70, 0x1c,
    0x70, 0x1c, 0x74, 0x2c, 0x7d, 0x74, 0x77, 0xe0,

    /* U+0063 "c" */
    0xb, 0xe0, 0x2d, 0x78, 0x30, 0x18, 0x70, 0x0,
    0x70, 0x0, 0x30, 0x1c, 0x2d, 0x78, 0xb, 0xe0,

    /* U+0064 "d" */
    0x0, 0x1c, 0x0, 0x70, 0x1, 0xc0, 0x7, 0xb,
    0xec, 0xf5, 0xf3, 0x2, 0xdc, 0x7, 0x70, 0x1c,
    0xc0, 0xb3, 0x87, 0xc2, 0xfb,

    /* U+0065 "e" */
    0xb, 0xe0, 0x2c, 0x78, 0x34, 0x2c, 0x7f, 0xfc,
    0x70, 0x0, 0x30, 0x8, 0x2d, 0x78, 0xb, 0xe0,

    /* U+0066 "f" */
    0x1, 0xfc, 0x3, 0x94, 0x3, 0x0, 0x3, 0x0,
    0x7f, 0xf8, 0x3, 0x0, 0x3, 0x0, 0x3, 0x0,
    0x3, 0x0, 0x3, 0x0, 0x3, 0x0, 0x3, 0x0,

    /* U+0067 "g" */
    0x0, 0x0, 0xb, 0xdd, 0x2c, 0xb0, 0x34, 0x30,
    0x28, 0x70, 0x1f, 0xd0, 0x30, 0x0, 0x38, 0x0,
    0x2f, 0xf8, 0x70, 0x1c, 0x2f, 0xf4,

    /* U+0068 "h" */
    0x30, 0x0, 0xc0, 0x3, 0x0, 0xc, 0x0, 0x32,
    0xf0, 0xf4, 0xb3, 0x81, 0xcd, 0x7, 0x30, 0x1c,
    0xc0, 0x73, 0x1, 0xcc, 0x7,

    /* U+0069 "i" */
    0xe9, 0x0, 0xee, 0xee, 0xee, 0xee,

    /* U+006A "j" */
    0x2, 0xc0, 0x60, 0x0, 0x0, 0x2, 0xc0, 0xb0,
    0x2c, 0xb, 0x2, 0xc0, 0xb0, 0x2c, 0xa, 0x57,
    0x9f, 0x80,

    /* U+006B "k" */
    0x30, 0x0, 0x30, 0x0, 0x30, 0x0, 0x30, 0x0,
    0x30, 0x34, 0x30, 0xe0, 0x33, 0x80, 0x3f, 0xc0,
    0x3c, 0xd0, 0x30, 0x70, 0x30, 0x34, 0x30, 0x1c,

    /* U+006C "l" */
    0xaa, 0xaa, 0xaa, 0xaa, 0xaa, 0xaa,

    /* U+006D "m" */
    0xef, 0x7c, 0xf7, 0xde, 0xe2, 0x8a, 0xe2, 0x8a,
    0xe2, 0x8a, 0xe2, 0x8a, 0xe2, 0x8a, 0xe2, 0x8a,

    /* U+006E "n" */
    0x32, 0xf0, 0xf4, 0xb3, 0x81, 0xcc, 0x7, 0x30,
    0x1c, 0xc0, 0x73, 0x1, 0xcc, 0x7,

    /* U+006F "o" */
    0xb, 0xe0, 0x2d, 0x78, 0x34, 0x1c, 0x70, 0xc,
    0x70, 0xc, 0x30, 0x1c, 0x2d, 0x78, 0xb, 0xe0,

    /* U+0070 "p" */
    0x77, 0xe0, 0x7c, 0x74, 0x70, 0x2c, 0x70, 0x1c,
    0x70, 0x1c, 0x74, 0x2c, 0x7d, 0x74, 0x77, 0xe0,
    0x70, 0x0, 0x70, 0x0,

    /* U+0071 "q" */
    0xb, 0xec, 0xf5, 0xf3, 0x2, 0xdc, 0x7, 0x70,
    0x1c, 0xc0, 0xb3, 0xd7, 0xc3, 0xfb, 0x0, 0x1c,
    0x0, 0x70,

    /* U+0072 "r" */
    0x72, 0xc7, 0xa4, 0x78, 0x7, 0x0, 0x70, 0x7,
    0x0, 0x70, 0x7, 0x0,

    /* U+0073 "s" */
    0x2f, 0x8b, 0x1e, 0xe0, 0x7, 0xe4, 0x6, 0xd8,
    0xb, 0xa0, 0xe2, 0xf8,

    /* U+0074 "t" */
    0x1, 0x0, 0x1c, 0x0, 0x70, 0x2f, 0xfd, 0x7,
    0x0, 0x1c, 0x0, 0x70, 0x1, 0xc0, 0x7, 0x0,
    0xd, 0x50, 0x1f, 0x80,

    /* U+0075 "u" */
    0x30, 0x1c, 0xc0, 0x73, 0x1, 0xcc, 0x7, 0x30,
    0x1c, 0xc0, 0xb3, 0x87, 0xc7, 0xe7,

    /* U+0076 "v" */
    0x70, 0x1c, 0x34, 0x28, 0x28, 0x34, 0x1c, 0x30,
    0xd, 0xa0, 0xa, 0xd0, 0x7, 0xc0, 0x3, 0x80,

    /* U+0077 "w" */
    0xd3, 0x8a, 0xa3, 0xcd, 0x72, 0xcc, 0x76, 0xdc,
    0x39, 0xac, 0x3c, 0x78, 0x2c, 0x74, 0x1c, 0x30,

    /* U+0078 "x" */
    0x38, 0x38, 0x1c, 0x70, 0xa, 0xd0, 0x3, 0xc0,
    0x3, 0xc0, 0xe, 0xe0, 0x1c, 0x30, 0x34, 0x2c,

    /* U+0079 "y" */
    0x70, 0x1c, 0x34, 0x28, 0x28, 0x34, 0x1c, 0x70,
    0xd, 0xa0, 0xb, 0xd0, 0x3, 0xc0, 0x3, 0x80,
    0x17, 0x0, 0x2e, 0x0,

    /* U+007A "z" */
    0x3f, 0xf8, 0x1, 0xd0, 0xe, 0x0, 0xb0, 0x7,
    0x0, 0x34, 0x3, 0x80, 0xf, 0xff,

    /* U+007B "{" */
    0xe, 0x28, 0x28, 0x28, 0x28, 0x28, 0x28, 0x70,
    0x38, 0x28, 0x28, 0x28, 0x28, 0x28, 0xe,

    /* U+007C "|" */
    0xaa, 0xaa, 0xaa, 0xaa, 0xaa, 0xaa, 0xaa, 0xaa,
    0xa0,

    /* U+007D "}" */
    0x3c, 0x3, 0x40, 0xd0, 0x34, 0xd, 0x3, 0x40,
    0xa0, 0x1c, 0xa, 0x3, 0x40, 0xd0, 0x34, 0xd,
    0x3, 0x43, 0xc0,

    /* U+007E "~" */
    0x0, 0x0, 0xe, 0x4, 0x36, 0xdc, 0x20, 0xb4,
    0x0, 0x0,

    /* U+00B0 "°" */
    0x14, 0x96, 0x82, 0x99, 0x0,

    /* U+4E00 "一" */
    0x2a, 0xaa, 0xaa, 0xa8, 0x3f, 0xff, 0xff, 0xfc,

    /* U+4E09 "三" */
    0x5, 0x55, 0x55, 0x40, 0x2f, 0xff, 0xff, 0x80,
    0x0, 0x0, 0x0, 0x0, 0x0, 0x0, 0x0, 0x0,
    0x0, 0x0, 0x0, 0x5, 0x55, 0x55, 0x0, 0x3f,
    0xff, 0xf8, 0x0, 0x0, 0x0, 0x0, 0x0, 0x0,
    0x0, 0x0, 0x0, 0x0, 0x0, 0x0, 0x0, 0x0,
    0x0, 0xf, 0xff, 0xff, 0xff, 0x15, 0x55, 0x55,
    0x54,

    /* U+4E0A "上" */
    0x0, 0x2, 0x0, 0x0, 0x0, 0x7, 0x0, 0x0,
    0x0, 0x7, 0x0, 0x0, 0x0, 0x7, 0x0, 0x0,
    0x0, 0x7, 0x0, 0x0, 0x0, 0x7, 0xff, 0xf0,
    0x0, 0x7, 0x0, 0x0, 0x0, 0x7, 0x0, 0x0,
    0x0, 0x7, 0x0, 0x0, 0x0, 0x7, 0x0, 0x0,
    0x0, 0x7, 0x0, 0x0, 0x0, 0x7, 0x0, 0x0,
    0x15, 0x57, 0x55, 0x54, 0x3f, 0xff, 0xff, 0xfc,

    /* U+4E2D "中" */
    0x0, 0xd, 0x0, 0x0, 0x3, 0x40, 0x0, 0x0,
    0xd0, 0x0, 0xff, 0xff, 0xfe, 0x34, 0xd, 0x2,
    0x8d, 0x3, 0x40, 0xa3, 0x40, 0xd0, 0x28, 0xd0,
    0x34, 0xa, 0x3f, 0xff, 0xff, 0x88, 0x3, 0x40,
    0x50, 0x0, 0xd0, 0x0, 0x0, 0x34, 0x0, 0x0,
    0xd, 0x0, 0x0, 0x3, 0x40, 0x0, 0x0, 0xd0,
    0x0,

    /* U+4E8C "二" */
    0x1, 0x55, 0x55, 0x40, 0xb, 0xff, 0xff, 0xd0,
    0x0, 0x0, 0x0, 0x0, 0x0, 0x0, 0x0, 0x0,
    0x0, 0x0, 0x0, 0x0, 0x0, 0x0, 0x0, 0x0,
    0x0, 0x0, 0x0, 0x0, 0x0, 0x0, 0x0, 0x0,
    0x0, 0x0, 0x0, 0x0, 0x25, 0x55, 0x55, 0x68,
    0x3f, 0xff, 0xff, 0xfc,

    /* U+4E91 "云" */
    0x0, 0x0, 0x0, 0x0, 0xff, 0xff, 0xf4, 0x0,
    0x0, 0x0, 0x0, 0x0, 0x0, 0x0, 0x0, 0x0,
    0x0, 0x5, 0x55, 0x55, 0x55, 0xaa, 0xba, 0xaa,
    0xa0, 0x3, 0x80, 0x0, 0x0, 0x70, 0x0, 0x0,
    0xd, 0x3, 0x0, 0x2, 0x80, 0x2c, 0x0, 0x70,
    0x0, 0xe0, 0x1e, 0x5a, 0xbf, 0x81, 0xfa, 0x94,
    0x1c, 0x0, 0x0, 0x0, 0x0,

    /* U+4E94 "五" */
    0x15, 0x55, 0x55, 0x43, 0xab, 0xea, 0xac, 0x0,
    0x1c, 0x0, 0x0, 0x2, 0x80, 0x0, 0x0, 0x28,
    0x0, 0x0, 0xff, 0xff, 0xd0, 0x0, 0x34, 0xd,
    0x0, 0x3, 0x0, 0xc0, 0x0, 0x70, 0xc, 0x0,
    0x7, 0x0, 0xc0, 0x0, 0xa0, 0xc, 0xf, 0xff,
    0xff, 0xff, 0x50, 0x0, 0x0, 0x10,

    /* U+4EAC "京" */
    0x0, 0x0, 0x0, 0x0, 0x0, 0xc0, 0x0, 0x0,
    0xb, 0x0, 0xf, 0xff, 0xff, 0xff, 0x0, 0x0,
    0x0, 0x0, 0x7f, 0xff, 0xe0, 0xb, 0x0, 0xa,
    0x0, 0xb0, 0x0, 0xa0, 0xb, 0x0, 0xa, 0x0,
    0xbf, 0xff, 0xe0, 0x1, 0x7, 0x0, 0x0, 0x38,
    0x72, 0xd0, 0x1e, 0x7, 0xb, 0x47, 0x80, 0x70,
    0x2d, 0x10, 0x2e, 0x0, 0x40, 0x2, 0x40, 0x0,

    /* U+4F20 "传" */
    0x0, 0x0, 0x0, 0x0, 0x3, 0x1, 0xc0, 0x0,
    0x2c, 0xa, 0x0, 0x0, 0xd7, 0xff, 0xfc, 0x7,
    0x0, 0xd0, 0x10, 0x3c, 0x3, 0x0, 0x2, 0xf7,
    0xff, 0xff, 0xdd, 0xc0, 0xb0, 0x0, 0x13, 0x2,
    0x80, 0x0, 0xc, 0xf, 0xff, 0x40, 0x30, 0x0,
    0x2c, 0x0, 0xc0, 0x10, 0xd0, 0x3, 0x1, 0xfb,
    0x0, 0xc, 0x0, 0xbd, 0x0, 0x30, 0x0, 0x2c,
    0x0, 0x0, 0x0, 0x0,

    /* U+4FDD "保" */
    0x0, 0x40, 0x0, 0x0, 0x1, 0xc7, 0xff, 0xd0,
    0x3, 0x43, 0x0, 0xd0, 0x7, 0x3, 0x0, 0xd0,
    0xf, 0x7, 0xff, 0xd0, 0x2f, 0x0, 0x34, 0x0,
    0x77, 0x0, 0x34, 0x0, 0x13, 0x3f, 0xff, 0xf8,
    0x3, 0x11, 0xfe, 0x0, 0x3, 0x2, 0x7b, 0x0,
    0x3, 0x7, 0x35, 0xc0, 0x3, 0x2c, 0x34, 0xb8,
    0x3, 0x30, 0x34, 0x18, 0x3, 0x0, 0x34, 0x0,

    /* U+4FE1 "信" */
    0x0, 0x0, 0x0, 0x0, 0x1, 0xc0, 0x30, 0x0,
    0x2, 0x80, 0x24, 0x0, 0x3, 0x7f, 0xff, 0xfc,
    0x7, 0x0, 0x0, 0x0, 0xf, 0x5, 0x55, 0x50,
    0x1f, 0xa, 0xaa, 0xa0, 0x37, 0x0, 0x0, 0x0,
    0x23, 0xf, 0xff, 0xf0, 0x3, 0x0, 0x0, 0x0,
    0x3, 0xb, 0xff, 0xf0, 0x3, 0x9, 0x0, 0x30,
    0x3, 0x9, 0x0, 0x30, 0x3, 0xb, 0xff, 0xf0,
    0x3, 0xd, 0x0, 0x30, 0x3, 0x0, 0x0, 0x0,

    /* U+503C "值" */
    0x0, 0x0, 0x0, 0x0, 0x0, 0xc0, 0x38, 0x0,
    0x2, 0xaf, 0xff, 0xf8, 0x3, 0x0, 0x34, 0x0,
    0xf, 0x7, 0xff, 0xc0, 0x2f, 0x7, 0x0, 0xc0,
    0x37, 0x7, 0xff, 0xc0, 0x3, 0x7, 0x0, 0xc0,
    0x3, 0x7, 0xff, 0xc0, 0x3, 0x7, 0x0, 0xc0,
    0x3, 0x7, 0xaa, 0xc0, 0x3, 0x7, 0x0, 0xc0,
    0x3, 0x7, 0x0, 0xd0, 0x3, 0x3f, 0xff, 0xfc,

    /* U+505C "停" */
    0x0, 0x0, 0x0, 0x0, 0x2, 0x80, 0x28, 0x0,
    0x3, 0x2f, 0xff, 0xfc, 0x7, 0x0, 0x0, 0x0,
    0xf, 0xb, 0xff, 0xd0, 0x1f, 0xa, 0x0, 0x90,
    0x3b, 0xb, 0xff, 0xd0, 0x33, 0x0, 0x0, 0x0,
    0x3, 0x3f, 0xff, 0xfd, 0x3, 0x30, 0x0, 0xd,
    0x3, 0x7, 0xff, 0xe0, 0x3, 0x0, 0x1c, 0x0,
    0x3, 0x0, 0x1c, 0x0, 0x3, 0x0, 0x1c, 0x0,
    0x3, 0x0, 0xf8, 0x0, 0x0, 0x0, 0x0, 0x0,

    /* U+5065 "健" */
    0x5, 0x0, 0xc, 0x0, 0xa, 0x0, 0x5d, 0x50,
    0xd, 0xbc, 0xae, 0xb0, 0x1c, 0x18, 0xd, 0x30,
    0x2c, 0x35, 0xff, 0xfc, 0x3c, 0x70, 0xd, 0x30,
    0x6c, 0xbd, 0xff, 0xe0, 0xc, 0xc, 0xc, 0x0,
    0xd, 0x8c, 0xff, 0xf0, 0xc, 0xdc, 0xc, 0x0,
    0xc, 0x79, 0xff, 0xf4, 0xc, 0x38, 0xc, 0x0,
    0xc, 0xbf, 0x4c, 0x0, 0xd, 0xc1, 0xbf, 0xf8,
    0x0, 0x0, 0x0, 0x0,

    /* U+50CF "像" */
    0x0, 0x0, 0x0, 0x0, 0x2, 0xc1, 0xc0, 0x0,
    0x3, 0x83, 0xea, 0x0, 0x3, 0xe, 0xb, 0x0,
    0xb, 0x3e, 0xaf, 0xa0, 0xf, 0x2d, 0x28, 0x30,
    0x2f, 0xc, 0x34, 0x30, 0x37, 0xf, 0xff, 0xf0,
    0x3, 0x2, 0xe0, 0x80, 0x3, 0x2d, 0x7b, 0xc0,
    0x3, 0x2, 0x9e, 0x80, 0x3, 0x2d, 0x7d, 0xd0,
    0x3, 0x12, 0xc9, 0x34, 0x3, 0x2e, 0xd, 0x4,
    0x3, 0x0, 0x78, 0x0, 0x0, 0x0, 0x0, 0x0,

    /* U+5149 "光" */
    0x0, 0x2, 0xc0, 0x0, 0x0, 0x2, 0x80, 0x40,
    0x3, 0x42, 0x81, 0xd0, 0x2, 0xc2, 0x83, 0x80,
    0x0, 0xe2, 0x87, 0x0, 0x0, 0x2, 0x80, 0x0,
    0x3f, 0xff, 0xff, 0xfc, 0x0, 0x1c, 0x30, 0x0,
    0x0, 0x1c, 0x30, 0x0, 0x0, 0x28, 0x30, 0x0,
    0x0, 0x34, 0x30, 0x0, 0x0, 0xf0, 0x30, 0x18,
    0x7, 0xc0, 0x34, 0x2c, 0x3e, 0x0, 0x2f, 0xf4,
    0x10, 0x0, 0x0, 0x0,

    /* U+516D "六" */
    0x0, 0x0, 0x0, 0x0, 0x2, 0xc0, 0x0, 0x0,
    0xe, 0x0, 0x0, 0x0, 0x70, 0x0, 0x55, 0x55,
    0x55, 0x5f, 0xff, 0xff, 0xff, 0x0, 0x0, 0x0,
    0x0, 0x4, 0x1, 0x0, 0x0, 0xf0, 0x74, 0x0,
    0x2c, 0x2, 0xc0, 0x7, 0x40, 0xf, 0x0, 0xf0,
    0x0, 0x78, 0x3c, 0x0, 0x2, 0xcb, 0x40, 0x0,
    0xc, 0x0, 0x0, 0x0, 0x0,

    /* U+5173 "关" */
    0x0, 0x0, 0x0, 0x0, 0x24, 0x3, 0x0, 0x1,
    0xc0, 0xb0, 0x0, 0x9, 0xd, 0x0, 0x3f, 0xff,
    0xff, 0x81, 0x55, 0xd5, 0x50, 0x0, 0xd, 0x0,
    0x0, 0x0, 0xd0, 0x0, 0x0, 0xd, 0x0, 0xb,
    0xff, 0xff, 0xfd, 0x0, 0x1f, 0x0, 0x0, 0x3,
    0xac, 0x0, 0x0, 0xf0, 0xf0, 0x0, 0x78, 0x3,
    0xe4, 0x7d, 0x0, 0x7, 0xd1, 0x0, 0x0, 0x4,

    /* U+5206 "分" */
    0x0, 0x0, 0x0, 0x0, 0x1, 0x3, 0x0, 0x0,
    0xd, 0xe, 0x0, 0x0, 0xb0, 0xd, 0x0, 0x3,
    0x40, 0x2c, 0x0, 0x38, 0x0, 0x3d, 0x2, 0xc0,
    0x0, 0x2e, 0x2d, 0xff, 0xff, 0x6c, 0x1, 0x74,
    0xd, 0x0, 0x0, 0xc0, 0x34, 0x0, 0x7, 0x0,
    0xc0, 0x0, 0x38, 0x3, 0x0, 0x2, 0xc0, 0x1c,
    0x0, 0x7c, 0x1, 0xe0, 0x3, 0x80, 0xe, 0x0,
    0x0, 0x0, 0x0, 0x0,

    /* U+521A "刚" */
    0x0, 0x0, 0x0, 0xdf, 0xff, 0xf0, 0xd, 0xd0,
    0x3, 0x34, 0xdd, 0x2, 0x73, 0x4d, 0xdc, 0x37,
    0x34, 0xdd, 0x7a, 0x33, 0x4d, 0xd3, 0xc3, 0x34,
    0xdd, 0x2c, 0x33, 0x4d, 0xd3, 0xa3, 0x34, 0xdd,
    0xd3, 0x73, 0x4d, 0xe8, 0x13, 0x34, 0xdd, 0x0,
    0x30, 0xd, 0xd0, 0x7, 0x0, 0xdd, 0x2, 0xf0,
    0x7c, 0x0, 0x0, 0x1, 0x0,

    /* U+5230 "到" */
    0x0, 0x0, 0x0, 0x34, 0xff, 0xff, 0x0, 0xd0,
    0xd, 0x0, 0xd3, 0x40, 0xb1, 0x83, 0x4d, 0x7,
    0x7, 0x4d, 0x34, 0xb9, 0xaf, 0x34, 0xd2, 0xef,
    0x5c, 0xd3, 0x40, 0x28, 0x3, 0x4d, 0x5, 0xb5,
    0x4d, 0x34, 0x6b, 0xea, 0x34, 0xd0, 0xa, 0x0,
    0xd3, 0x40, 0x28, 0x50, 0xd, 0x2b, 0xff, 0x80,
    0x34, 0xe5, 0x0, 0xb, 0xc0, 0x0, 0x0, 0x14,
    0x0,

    /* U+5236 "制" */
    0x0, 0xd0, 0x0, 0x34, 0xa3, 0x40, 0x0, 0xd3,
    0xde, 0x54, 0xd3, 0x5e, 0xbe, 0xa3, 0x4d, 0x60,
    0xd0, 0xd, 0x35, 0xab, 0xaa, 0x34, 0xd5, 0x5e,
    0x54, 0xd3, 0x40, 0x34, 0x3, 0x4d, 0x3f, 0xff,
    0xcd, 0x34, 0xd3, 0x47, 0x34, 0xd3, 0x4d, 0x1c,
    0xd3, 0x4d, 0x34, 0xb0, 0xd, 0x34, 0xd7, 0x80,
    0x34, 0x3, 0x40, 0xb, 0x80, 0x0, 0x0, 0x0,
    0x0,

    /* U+5237 "刷" */
    0x0, 0x0, 0x0, 0x34, 0x3f, 0xff, 0x4, 0xc0,
    0xd0, 0xc, 0x33, 0x3, 0x55, 0x70, 0xcc, 0xe,
    0xaa, 0x83, 0x30, 0x30, 0x20, 0xc, 0xc0, 0xc0,
    0xc0, 0x33, 0x3, 0xbf, 0xf8, 0xcc, 0x1e, 0x8c,
    0x93, 0x30, 0x6a, 0x32, 0x4c, 0xc3, 0x68, 0xc9,
    0x33, 0xc, 0xa3, 0x34, 0xc, 0x72, 0x8d, 0xc0,
    0x30, 0x0, 0x30, 0x3, 0xc0, 0x0, 0xc0, 0xa,
    0x0,

    /* U+524D "前" */
    0x0, 0x10, 0x1, 0x0, 0x0, 0x34, 0x7, 0x0,
    0x0, 0x18, 0xa, 0x0, 0x3f, 0xff, 0xff, 0xfe,
    0x10, 0x0, 0x0, 0x4, 0x5, 0x55, 0x0, 0x20,
    0xb, 0x5b, 0x1c, 0x30, 0xa, 0x3, 0x1c, 0x30,
    0xb, 0xff, 0x1c, 0x30, 0xa, 0x3, 0x1c, 0x30,
    0xa, 0x57, 0x1c, 0x30, 0xb, 0xab, 0x1c, 0x30,
    0xa, 0x3, 0x4, 0x30, 0xa, 0x3, 0x0, 0x30,
    0xa, 0x1b, 0x1, 0xf0, 0xa, 0xe, 0x1, 0xd0,

    /* U+529F "功" */
    0x0, 0x0, 0x18, 0x0, 0x0, 0x0, 0x1c, 0x0,
    0x2f, 0xfc, 0x1c, 0x0, 0x6, 0xd4, 0x1c, 0x0,
    0x1, 0xc2, 0xff, 0xfc, 0x1, 0xc0, 0x1c, 0xc,
    0x1, 0xc0, 0x18, 0x1c, 0x1, 0xc0, 0x28, 0x1c,
    0x1, 0xc0, 0x24, 0x1c, 0x1, 0xc4, 0x30, 0x1c,
    0x17, 0xfd, 0xb0, 0x28, 0x3e, 0x40, 0xd0, 0x28,
    0x0, 0x3, 0x80, 0x74, 0x0, 0xe, 0x3, 0xe0,
    0x0, 0x4, 0x0, 0x0,

    /* U+52A8 "动" */
    0x0, 0x0, 0x5, 0x0, 0x0, 0x0, 0xa, 0x0,
    0x1f, 0xfd, 0x9, 0x0, 0x4, 0x4, 0xa, 0x0,
    0x0, 0x1, 0xff, 0xfc, 0x15, 0x55, 0x9, 0xc,
    0x2b, 0xea, 0xd, 0xc, 0x3, 0x40, 0xd, 0xc,
    0x3, 0x18, 0xc, 0x1c, 0xa, 0xc, 0xc, 0x1c,
    0xc, 0x1f, 0x28, 0x1c, 0x3f, 0xfb, 0x74, 0x1c,
    0x14, 0x1, 0xb0, 0x28, 0x0, 0x2, 0xc2, 0xb4,
    0x0, 0x2, 0x41, 0x90,

    /* U+5317 "北" */
    0x0, 0x1c, 0x34, 0x0, 0x0, 0x1c, 0x34, 0x0,
    0x0, 0x1c, 0x34, 0x0, 0x0, 0x1c, 0x34, 0x3c,
    0x1f, 0xfc, 0x36, 0xe0, 0x0, 0x1c, 0x3e, 0x0,
    0x0, 0x1c, 0x34, 0x0, 0x0, 0x1c, 0x34, 0x0,
    0x0, 0x1c, 0x34, 0x0, 0x0, 0x1c, 0x34, 0x0,
    0x16, 0xfc, 0x34, 0x8, 0x2d, 0x1c, 0x38, 0x1d,
    0x0, 0x1c, 0x1f, 0xf8,

    /* U+5357 "南" */
    0x0, 0x6, 0x0, 0x0, 0x0, 0x28, 0x0, 0xf,
    0xff, 0xff, 0xff, 0x0, 0x3, 0x40, 0x0, 0x7f,
    0xff, 0xff, 0xd2, 0xc1, 0x1, 0x3, 0x47, 0xa,
    0xe, 0xd, 0x1c, 0x8, 0x70, 0x34, 0x73, 0xff,
    0xfc, 0xd1, 0xc0, 0x28, 0x3, 0x47, 0x7f, 0xff,
    0xdd, 0x1c, 0x2, 0x80, 0x34, 0x70, 0xa, 0x0,
    0xd2, 0xc0, 0x14, 0x1f, 0xb, 0x0, 0x0, 0x38,
    0x0, 0x0, 0x0, 0x0,

    /* U+5386 "历" */
    0x0, 0x0, 0x0, 0x0, 0x1f, 0xff, 0xff, 0xd0,
    0x70, 0x5, 0x0, 0x1, 0xc0, 0x2c, 0x0, 0x7,
    0x0, 0xa0, 0x0, 0x1c, 0x2, 0x80, 0x0, 0x73,
    0xff, 0xff, 0x41, 0xc0, 0x34, 0xc, 0x7, 0x0,
    0xd0, 0x30, 0x2c, 0x3, 0x1, 0xc0, 0xa0, 0x28,
    0x7, 0x3, 0x41, 0xc0, 0x1c, 0x1c, 0x1e, 0x0,
    0xb0, 0xf2, 0xe0, 0x1f, 0x82, 0x42, 0x0, 0x14,
    0x0,

    /* U+53F2 "史" */
    0x0, 0x1, 0x0, 0x0, 0x0, 0x3, 0x80, 0x0,
    0x0, 0x3, 0x80, 0x0, 0xb, 0xff, 0xff, 0xd0,
    0xe, 0x57, 0x95, 0xd0, 0xd, 0x3, 0x80, 0xd0,
    0xd, 0x3, 0x80, 0xd0, 0xe, 0x3, 0x80, 0xd0,
    0xf, 0xff, 0xff, 0xd0, 0x1, 0x43, 0x40, 0x0,
    0x1, 0xd3, 0x0, 0x0, 0x0, 0xbb, 0x0, 0x0,
    0x0, 0x2f, 0x0, 0x0, 0x1, 0xf6, 0xf9, 0x54,
    0x3f, 0x40, 0x1b, 0xf8, 0x0, 0x0, 0x0, 0x0,

    /* U+53F6 "叶" */
    0x0, 0x0, 0x7, 0x0, 0x15, 0x50, 0x7, 0x0,
    0x3f, 0xf0, 0x7, 0x0, 0x30, 0x70, 0x7, 0x0,
    0x30, 0x70, 0x7, 0x0, 0x30, 0x77, 0xff, 0xfe,
    0x30, 0x70, 0x7, 0x0, 0x30, 0x70, 0x7, 0x0,
    0x30, 0x70, 0x7, 0x0, 0x3f, 0xf0, 0x7, 0x0,
    0x34, 0x70, 0x7, 0x0, 0x30, 0x70, 0x7, 0x0,
    0x30, 0x0, 0x7, 0x0, 0x0, 0x0, 0x7, 0x0,

    /* U+53F7 "号" */
    0x1, 0xff, 0xff, 0x80, 0x1, 0xc0, 0x2, 0x80,
    0x1, 0xc0, 0x2, 0x80, 0x1, 0xff, 0xff, 0x80,
    0x0, 0x0, 0x0, 0x0, 0x3f, 0xff, 0xff, 0xfc,
    0x10, 0x70, 0x0, 0x4, 0x0, 0xb0, 0x0, 0x0,
    0x0, 0xff, 0xff, 0x80, 0x0, 0x0, 0x2, 0x80,
    0x0, 0x0, 0x2, 0x80, 0x0, 0x0, 0x3, 0x40,
    0x0, 0x0, 0x5b, 0x0, 0x0, 0x0, 0xfd, 0x0,
    0x0, 0x0, 0x0, 0x0,

    /* U+540D "名" */
    0x0, 0x0, 0x0, 0x0, 0x0, 0xc0, 0x0, 0x0,
    0x2c, 0x0, 0x0, 0x7, 0xff, 0xfc, 0x1, 0xd0,
    0x3, 0x40, 0x76, 0x80, 0xa0, 0x9, 0xf, 0x7c,
    0x0, 0x0, 0x2e, 0x0, 0x0, 0xb, 0x40, 0x0,
    0x1b, 0xff, 0xff, 0x2f, 0xb0, 0x0, 0x70, 0x47,
    0x0, 0x7, 0x0, 0x70, 0x0, 0x70, 0x7, 0xff,
    0xff, 0x0, 0x70, 0x0, 0x70, 0x7, 0x0, 0x7,
    0x0, 0x0, 0x0, 0x0,

    /* U+5411 "向" */
    0x0, 0x50, 0x0, 0x0, 0xb, 0x0, 0x0, 0x0,
    0xe0, 0x0, 0x3, 0xff, 0xff, 0xfd, 0x30, 0x0,
    0x0, 0xd3, 0x0, 0x0, 0xd, 0x30, 0xff, 0xf0,
    0xd3, 0xd, 0x7, 0xd, 0x30, 0xd0, 0x70, 0xd3,
    0xd, 0x7, 0xd, 0x30, 0xff, 0xf0, 0xd3, 0x0,
    0x0, 0xd, 0x30, 0x0, 0x5, 0xd3, 0x0, 0x0,
    0x78,

    /* U+542F "启" */
    0x0, 0x0, 0x0, 0x0, 0x0, 0x2c, 0x0, 0x0,
    0x0, 0xd0, 0x0, 0x3f, 0xff, 0xfd, 0x3, 0x0,
    0x0, 0xd0, 0x30, 0x0, 0xd, 0x3, 0x55, 0x55,
    0xd0, 0x3f, 0xff, 0xfd, 0x3, 0x0, 0x0, 0x0,
    0x77, 0xff, 0xfe, 0x7, 0x70, 0x0, 0xe0, 0xa7,
    0x0, 0xa, 0xd, 0x70, 0x0, 0xa2, 0xc7, 0xff,
    0xfe, 0x38, 0x70, 0x0, 0xe1, 0x7, 0x0, 0xa,

    /* U+55B7 "喷" */
    0x0, 0x0, 0x30, 0x0, 0x0, 0x15, 0xd5, 0x4f,
    0xf1, 0xab, 0xa9, 0x34, 0xc1, 0xc8, 0xd0, 0xd3,
    0x2f, 0xab, 0xe7, 0x4c, 0x1c, 0xd, 0xd, 0x30,
    0x0, 0x0, 0x34, 0xc3, 0xff, 0xf0, 0xd3, 0xc,
    0x0, 0xc3, 0xfc, 0x31, 0xc3, 0xd, 0x30, 0xc7,
    0xc, 0x34, 0x42, 0x39, 0x10, 0x80, 0x2, 0xcb,
    0x40, 0x1, 0xb8, 0x7, 0x80, 0x2, 0x0, 0x1,
    0x0,

    /* U+5668 "器" */
    0xb, 0xfd, 0x7f, 0xf0, 0xa, 0xc, 0x70, 0x30,
    0xb, 0xfc, 0x7f, 0xf0, 0x0, 0x2, 0x42, 0x0,
    0x5, 0x57, 0x97, 0x54, 0x1a, 0xaf, 0xfa, 0xa8,
    0x0, 0x6d, 0x39, 0x0, 0x2f, 0x90, 0x6, 0xfc,
    0xb, 0xfc, 0x3f, 0xe0, 0xa, 0xc, 0x30, 0x70,
    0xa, 0xc, 0x30, 0x30, 0xb, 0xfc, 0x3f, 0xf0,
    0xa, 0xd, 0x70, 0x30, 0x0, 0x0, 0x0, 0x0,

    /* U+56DB "四" */
    0x7f, 0xff, 0xff, 0xd7, 0x3, 0xc, 0xd, 0x70,
    0x30, 0xc0, 0xd7, 0x3, 0xc, 0xd, 0x70, 0x70,
    0xc0, 0xd7, 0xa, 0xc, 0xd, 0x70, 0xc0, 0xc0,
    0xd7, 0x38, 0xf, 0xdd, 0x76, 0x0, 0x0, 0xd7,
    0x0, 0x0, 0xd, 0x70, 0x0, 0x0, 0xd7, 0xff,
    0xff, 0xfd, 0x70, 0x0, 0x0, 0xd0, 0x0, 0x0,
    0x0,

    /* U+56FE "图" */
    0x7f, 0xff, 0xff, 0xd7, 0x1, 0x80, 0xd, 0x70,
    0x3f, 0xf0, 0xd7, 0xf, 0xa, 0xd, 0x73, 0xaa,
    0xc0, 0xd7, 0x0, 0xf4, 0xd, 0x71, 0xb5, 0xf8,
    0xd7, 0x34, 0xe1, 0x8d, 0x70, 0x2, 0xc0, 0xd7,
    0x3, 0x90, 0xd, 0x70, 0xb, 0xc0, 0xd7, 0x0,
    0x4, 0xd, 0x7f, 0xff, 0xff, 0xd7, 0x0, 0x0,
    0xd, 0x0, 0x0, 0x0, 0x0,

    /* U+5730 "地" */
    0x3, 0x0, 0xc, 0x0, 0x3, 0x1, 0xc, 0x0,
    0x3, 0x3, 0xc, 0x0, 0x3, 0x3, 0xc, 0x64,
    0x3f, 0xe3, 0x2f, 0xb4, 0x17, 0x5b, 0xfc, 0x34,
    0x3, 0x2f, 0xc, 0x34, 0x3, 0x3, 0xc, 0x30,
    0x3, 0x3, 0xc, 0x30, 0x3, 0x3, 0xd, 0xf0,
    0x3, 0x73, 0xc, 0x40, 0x2f, 0x93, 0x8, 0x8,
    0x24, 0x3, 0x40, 0x1c, 0x0, 0x2, 0xff, 0xf8,

    /* U+57CE "城" */
    0x0, 0x0, 0x0, 0x0, 0x0, 0x0, 0x1c, 0x90,
    0xd, 0x0, 0xc, 0xf0, 0xd, 0x0, 0x1c, 0x20,
    0xd, 0x1f, 0xff, 0xfc, 0x6e, 0x9c, 0xc, 0x0,
    0x1e, 0x5c, 0xc, 0x20, 0xd, 0x1f, 0xcc, 0x30,
    0xd, 0x1c, 0xcd, 0x70, 0xd, 0x1c, 0xca, 0xa0,
    0xd, 0x58, 0xc7, 0xd0, 0x1f, 0xb8, 0xc3, 0xc0,
    0x74, 0x33, 0xc7, 0xc4, 0x0, 0xe1, 0x1d, 0xed,
    0x2, 0xc0, 0xb4, 0x7c, 0x0, 0x0, 0x0, 0x0,

    /* U+5883 "境" */
    0x0, 0x0, 0x24, 0x0, 0xc, 0x2f, 0xff, 0xf0,
    0xc, 0x2, 0x3, 0x0, 0xc, 0x2, 0x87, 0x0,
    0x7f, 0xbf, 0xff, 0xf8, 0xd, 0x0, 0x0, 0x0,
    0xc, 0x1f, 0xff, 0xd0, 0xc, 0x1c, 0x0, 0x90,
    0xc, 0xf, 0xff, 0xd0, 0xc, 0x1c, 0x0, 0x90,
    0xf, 0xcf, 0xff, 0xd0, 0x74, 0x3, 0x4c, 0x0,
    0x0, 0x1e, 0xd, 0x1c, 0x0, 0xf4, 0xb, 0xf8,
    0x0, 0x0, 0x0, 0x0,

    /* U+58F0 "声" */
    0x0, 0x1, 0xc0, 0x0, 0x7f, 0xff, 0xff, 0xf0,
    0x0, 0x1c, 0x0, 0x0, 0x0, 0x70, 0x0, 0x7,
    0xff, 0xff, 0xf0, 0x0, 0x0, 0x0, 0x0, 0x3f,
    0xff, 0xff, 0x0, 0xc0, 0x70, 0x1c, 0x3, 0x1,
    0xc0, 0x70, 0x1f, 0xff, 0xff, 0xc0, 0x70, 0x0,
    0x7, 0x2, 0x80, 0x0, 0x0, 0x1c, 0x0, 0x0,
    0x0, 0xe0, 0x0, 0x0, 0x1, 0x0, 0x0, 0x0,
    0x0,

    /* U+591A "多" */
    0x0, 0x20, 0x0, 0x0, 0xb, 0x0, 0x0, 0x2,
    0xff, 0xfe, 0x1, 0xe1, 0x2, 0x80, 0x20, 0x74,
    0xe0, 0x0, 0x1, 0xf8, 0x0, 0x6, 0xf5, 0xd0,
    0x3, 0xe0, 0x7f, 0xfe, 0x0, 0x3c, 0x1, 0xc0,
    0x6d, 0x60, 0x34, 0x6, 0x3, 0x8e, 0x0, 0x0,
    0xf, 0x80, 0x0, 0x1b, 0x80, 0x3, 0xff, 0x40,
    0x0, 0x14, 0x0, 0x0, 0x0,

    /* U+591C "夜" */
    0x0, 0x0, 0x0, 0x0, 0x0, 0x3, 0x80, 0x0,
    0x0, 0x3, 0xc0, 0x14, 0x3f, 0xff, 0xff, 0xfc,
    0x0, 0x80, 0x80, 0x0, 0x1, 0xd1, 0xc0, 0x0,
    0x3, 0xc3, 0xff, 0xe0, 0x7, 0x47, 0x0, 0xd0,
    0xf, 0x4e, 0x30, 0xc0, 0x2f, 0x6f, 0x69, 0xc0,
    0x37, 0x56, 0xc3, 0x40, 0x3, 0x40, 0xdb, 0x0,
    0x3, 0x40, 0xbc, 0x0, 0x3, 0x40, 0xbd, 0x0,
    0x3, 0x5b, 0xcb, 0xe8, 0x3, 0x5d, 0x0, 0xbc,
    0x0, 0x0, 0x0, 0x0,

    /* U+5927 "大" */
    0x0, 0x2, 0x40, 0x0, 0x0, 0x3, 0x80, 0x0,
    0x0, 0x2, 0x80, 0x0, 0x0, 0x2, 0x80, 0x0,
    0x15, 0x57, 0x95, 0x54, 0x2f, 0xff, 0xff, 0xfc,
    0x0, 0x3, 0x80, 0x0, 0x0, 0x3, 0xc0, 0x0,
    0x0, 0xa, 0xa0, 0x0, 0x0, 0x1c, 0x34, 0x0,
    0x0, 0x38, 0x1c, 0x0, 0x0, 0xf0, 0xb, 0x40,
    0xb, 0x80, 0x2, 0xe0, 0x3d, 0x0, 0x0, 0xb8,
    0x10, 0x0, 0x0, 0x0,

    /* U+5929 "天" */
    0x0, 0x0, 0x0, 0x0, 0xb, 0xff, 0xff, 0xc0,
    0x0, 0x3, 0x80, 0x0, 0x0, 0x3, 0x40, 0x0,
    0x0, 0x3, 0x40, 0x0, 0x2f, 0xff, 0xff, 0xf8,
    0x15, 0x57, 0xd5, 0x50, 0x0, 0x7, 0xc0, 0x0,
    0x0, 0xd, 0xa0, 0x0, 0x0, 0x2c, 0x34, 0x0,
    0x0, 0x74, 0x1d, 0x0, 0x2, 0xe0, 0xb, 0x80,
    0x1f, 0x40, 0x1, 0xf8, 0x38, 0x0, 0x0, 0x24,
    0x0, 0x0, 0x0, 0x0,

    /* U+5931 "失" */
    0x0, 0x1, 0x40, 0x0, 0x0, 0x2, 0x80, 0x0,
    0x2, 0xc2, 0x80, 0x0, 0x3, 0x42, 0x80, 0x0,
    0x7, 0xff, 0xff, 0xe0, 0xd, 0x2, 0x80, 0x0,
    0x18, 0x3, 0x40, 0x0, 0x15, 0x57, 0x95, 0x50,
    0x3f, 0xff, 0xff, 0xf8, 0x0, 0x7, 0xd0, 0x0,
    0x0, 0xd, 0x70, 0x0, 0x0, 0x38, 0x2d, 0x0,
    0x1, 0xe0, 0x7, 0xe0, 0x2f, 0x40, 0x0, 0xb8,
    0x18, 0x0, 0x0, 0x0,

    /* U+5982 "如" */
    0x0, 0x0, 0x0, 0x0, 0x3, 0x40, 0x0, 0x0,
    0xc, 0x0, 0x0, 0x0, 0x70, 0xa, 0xa8, 0x3f,
    0xfe, 0x39, 0x74, 0xd, 0x28, 0xd0, 0xd0, 0x30,
    0xa3, 0x43, 0x41, 0xc3, 0x4d, 0xd, 0xd, 0xc,
    0x34, 0x34, 0x34, 0x70, 0xd0, 0xd0, 0xba, 0x83,
    0x43, 0x40, 0x2e, 0xd, 0xd, 0x0, 0xef, 0x3f,
    0xf4, 0x2d, 0x4, 0xd0, 0xd3, 0xd0, 0x3, 0x41,
    0x0, 0x0, 0x0, 0x0,

    /* U+59CB "始" */
    0x0, 0x0, 0x0, 0x0, 0x7, 0x0, 0x24, 0x0,
    0x7, 0x0, 0x30, 0x0, 0xa, 0x0, 0xa0, 0x40,
    0x6f, 0xa0, 0xc1, 0xc0, 0x1e, 0xb3, 0x40, 0xb0,
    0xc, 0x3b, 0xff, 0xfc, 0x1c, 0x61, 0x0, 0x4,
    0x28, 0xa0, 0x0, 0x0, 0x38, 0xc3, 0xff, 0xf0,
    0x1f, 0xc3, 0x40, 0x30, 0x3, 0xc3, 0x40, 0x30,
    0x7, 0xb3, 0x40, 0x30, 0xd, 0x13, 0xff, 0xf0,
    0x38, 0x3, 0x40, 0x70, 0x20, 0x3, 0x40, 0x30,
    0x0, 0x0, 0x0, 0x0,

    /* U+5B58 "存" */
    0x0, 0x0, 0x0, 0x0, 0x0, 0x7, 0x0, 0x0,
    0x0, 0xe, 0x0, 0x0, 0xf, 0xff, 0xff, 0xf8,
    0x0, 0x28, 0x0, 0x0, 0x0, 0x70, 0x0, 0x0,
    0x1, 0xd7, 0xff, 0xf4, 0x3, 0xc0, 0x1, 0xe0,
    0xb, 0x80, 0xb, 0x40, 0x2d, 0x80, 0xd, 0x0,
    0x1, 0x9f, 0xff, 0xfc, 0x1, 0x80, 0xd, 0x0,
    0x1, 0x80, 0xd, 0x0, 0x1, 0x80, 0xd, 0x0,
    0x1, 0xc0, 0x1d, 0x0, 0x0, 0x0, 0x78, 0x0,

    /* U+5B62 "孢" */
    0x0, 0x0, 0x0, 0x0, 0x0, 0x0, 0x70, 0x0,
    0x3f, 0xf8, 0xe0, 0x0, 0x0, 0x71, 0xff, 0xf4,
    0x1, 0xc3, 0x40, 0x34, 0x3, 0x4f, 0x0, 0x34,
    0x3, 0x5f, 0xff, 0x34, 0x3, 0x52, 0x43, 0x34,
    0x1b, 0xf2, 0x43, 0x34, 0x3b, 0x42, 0x87, 0x34,
    0x3, 0x42, 0xfe, 0x34, 0x3, 0x42, 0x40, 0xb0,
    0x3, 0x42, 0x40, 0x0, 0x3, 0x42, 0x80, 0x1c,
    0xf, 0x1, 0xff, 0xf8,

    /* U+5B81 "宁" */
    0x0, 0x0, 0x0, 0x0, 0x0, 0x2c, 0x0, 0x0,
    0x0, 0x30, 0x0, 0x2f, 0xff, 0xff, 0xfc, 0xb0,
    0x0, 0x0, 0x72, 0xc0, 0x0, 0x1, 0xc0, 0x0,
    0x0, 0x0, 0x2f, 0xff, 0xff, 0xfc, 0x0, 0x7,
    0x0, 0x0, 0x0, 0x1c, 0x0, 0x0, 0x0, 0x70,
    0x0, 0x0, 0x1, 0xc0, 0x0, 0x0, 0x7, 0x0,
    0x0, 0x0, 0x1c, 0x0, 0x0, 0x3, 0xf0, 0x0,
    0x0, 0x0, 0x0, 0x0,

    /* U+5BB3 "害" */
    0x0, 0x1, 0x0, 0x0, 0x0, 0xb0, 0x0, 0x7f,
    0xff, 0xff, 0xe7, 0x0, 0x10, 0xa, 0x60, 0x7,
    0x0, 0x60, 0xbf, 0xff, 0xf0, 0x0, 0x7, 0x0,
    0x0, 0x7f, 0xff, 0xf0, 0x0, 0x7, 0x0, 0x7,
    0xff, 0xff, 0xfe, 0x0, 0x7, 0x0, 0x0, 0x7f,
    0xff, 0xf0, 0x7, 0x0, 0x7, 0x0, 0x70, 0x0,
    0x70, 0x7, 0xff, 0xff, 0x0,

    /* U+5BBE "宾" */
    0x0, 0x2, 0x40, 0x0, 0x0, 0x3, 0xc0, 0x0,
    0x1f, 0xff, 0xff, 0xf4, 0x1c, 0x0, 0x6, 0x34,
    0x1d, 0xff, 0xff, 0x50, 0x1, 0xc0, 0x0, 0x0,
    0x1, 0xc0, 0x0, 0x10, 0x1, 0xff, 0xff, 0xf0,
    0x1, 0xc0, 0x1c, 0x0, 0x2, 0xc0, 0x1c, 0x0,
    0x3f, 0xff, 0xff, 0xfd, 0x0, 0xa0, 0x9, 0x0,
    0x3, 0xd0, 0xb, 0x80, 0x1e, 0x0, 0x1, 0xe0,
    0x4, 0x0, 0x0, 0x40,

    /* U+5BC6 "密" */
    0x0, 0x2, 0x40, 0x0, 0x0, 0x3, 0xc0, 0x0,
    0x1f, 0xff, 0xff, 0xfc, 0x1c, 0x3, 0x40, 0x1c,
    0x5, 0x12, 0xcb, 0x4, 0xb, 0x34, 0x3c, 0x34,
    0xd, 0x35, 0xd0, 0x1c, 0x0, 0x3e, 0x3, 0xc4,
    0x16, 0xff, 0xff, 0x40, 0x3d, 0x0, 0x40, 0x0,
    0x3, 0x41, 0xc0, 0x70, 0x3, 0x41, 0xc0, 0x70,
    0x3, 0x41, 0xc0, 0x70, 0x3, 0xff, 0xff, 0xf0,
    0x0, 0x0, 0x0, 0x70,

    /* U+5C0F "小" */
    0x0, 0x7, 0x0, 0x0, 0x0, 0x70, 0x0, 0x0,
    0x7, 0x0, 0x0, 0x0, 0x70, 0x0, 0x3, 0x7,
    0xc, 0x0, 0x70, 0x70, 0xb0, 0xe, 0x7, 0x3,
    0x40, 0xd0, 0x70, 0x2c, 0x2c, 0x7, 0x0, 0xd3,
    0x40, 0x70, 0xe, 0x30, 0x7, 0x0, 0x0, 0x0,
    0x70, 0x0, 0x0, 0x7, 0x0, 0x0, 0x3, 0xe0,
    0x0, 0x0, 0x10, 0x0, 0x0,

    /* U+5DF2 "已" */
    0x0, 0x0, 0x0, 0x7, 0xff, 0xff, 0xf0, 0x0,
    0x0, 0x7, 0x0, 0x0, 0x0, 0x70, 0x24, 0x0,
    0x7, 0x3, 0x80, 0x0, 0x70, 0x3f, 0xff, 0xff,
    0x3, 0x80, 0x0, 0x70, 0x34, 0x0, 0x0, 0x3,
    0x40, 0x0, 0x0, 0x34, 0x0, 0x0, 0x43, 0x40,
    0x0, 0xe, 0x3d, 0x55, 0x56, 0xd1, 0xff, 0xff,
    0xf8,

    /* U+5E02 "市" */
    0x0, 0x3, 0x0, 0x0, 0x0, 0x2, 0xc0, 0x0,
    0x15, 0x55, 0x95, 0x54, 0x3f, 0xff, 0xff, 0xfc,
    0x0, 0x1, 0xc0, 0x0, 0x0, 0x1, 0xc0, 0x0,
    0x7, 0xff, 0xff, 0xd0, 0x7, 0x1, 0xc0, 0xd0,
    0x7, 0x1, 0xc0, 0xd0, 0x7, 0x1, 0xc0, 0xd0,
    0x7, 0x1, 0xc0, 0xd0, 0x7, 0x1, 0xc5, 0xd0,
    0x7, 0x1, 0xc7, 0x80, 0x0, 0x1, 0xc0, 0x0,
    0x0, 0x1, 0xc0, 0x0,

    /* U+5E38 "常" */
    0x4, 0xd, 0x4, 0x0, 0xe0, 0xd0, 0xc0, 0x6,
    0xd, 0x28, 0xf, 0xff, 0xff, 0xfd, 0xd0, 0x0,
    0x0, 0xdd, 0xff, 0xff, 0xcd, 0xd, 0x0, 0xc,
    0x0, 0xff, 0xff, 0xc0, 0x0, 0xd, 0x0, 0x1,
    0x55, 0xe5, 0x50, 0x3a, 0xaf, 0xab, 0x43, 0x0,
    0xd0, 0x24, 0x30, 0xd, 0x3, 0x43, 0x0, 0xd2,
    0xf0, 0x0, 0xd, 0x0, 0x0,

    /* U+5E74 "年" */
    0x0, 0x0, 0x0, 0x0, 0x0, 0x70, 0x0, 0x0,
    0x0, 0xe0, 0x0, 0x0, 0x1, 0xff, 0xff, 0xf4,
    0x3, 0x40, 0xd0, 0x0, 0xf, 0x0, 0xd0, 0x0,
    0x2c, 0x0, 0xd0, 0x0, 0x5, 0xff, 0xff, 0xe0,
    0x1, 0xc0, 0xd0, 0x0, 0x1, 0xc0, 0xd0, 0x0,
    0x11, 0xc0, 0xe0, 0x4, 0x3e, 0xaa, 0xfa, 0xac,
    0x0, 0x0, 0xd0, 0x0, 0x0, 0x0, 0xd0, 0x0,
    0x0, 0x0, 0xd0, 0x0, 0x0, 0x0, 0xd0, 0x0,

    /* U+5E7C "幼" */
    0x0, 0x40, 0x5, 0x0, 0x0, 0xd0, 0xe, 0x0,
    0x2, 0xc0, 0xd, 0x0, 0x3, 0x0, 0xe, 0x0,
    0xa, 0x18, 0xff, 0xfc, 0x2c, 0x3c, 0xd, 0xc,
    0x3f, 0xf0, 0xd, 0x1c, 0x0, 0xd0, 0xc, 0x1c,
    0x2, 0x84, 0x1c, 0x1c, 0x7, 0x1c, 0x28, 0x18,
    0x1e, 0x6e, 0x34, 0x28, 0x2f, 0x9a, 0xf0, 0x28,
    0x0, 0x2, 0xc1, 0x74, 0x0, 0xb, 0x2, 0xe0,
    0x0, 0x0, 0x0, 0x0,

    /* U+5EA6 "度" */
    0x0, 0x1, 0x80, 0x0, 0x0, 0x1, 0xd0, 0x0,
    0xf, 0xff, 0xff, 0xf0, 0xd, 0x9, 0x2, 0x0,
    0xd, 0xd, 0x7, 0x0, 0xd, 0xff, 0xff, 0xf4,
    0xd, 0xd, 0x7, 0x0, 0xd, 0xf, 0xaf, 0x0,
    0xd, 0x5, 0x55, 0x0, 0xc, 0xbf, 0xff, 0x80,
    0xc, 0xa, 0x7, 0x0, 0x1c, 0x3, 0x9c, 0x0,
    0x28, 0x1, 0xf4, 0x0, 0x31, 0x6f, 0xaf, 0xe8,
    0x1, 0x90, 0x0, 0x64,

    /* U+5EB7 "康" */
    0x0, 0x0, 0x40, 0x0, 0x0, 0x1, 0xc0, 0x0,
    0x7, 0xff, 0xff, 0xf4, 0x7, 0x0, 0xd0, 0x0,
    0x7, 0x0, 0xd0, 0x0, 0x7, 0x7f, 0xff, 0xd0,
    0x7, 0x0, 0xd0, 0xd0, 0x7, 0xff, 0xff, 0xf8,
    0x6, 0x0, 0xd0, 0xd0, 0xa, 0x7a, 0xfa, 0x90,
    0xa, 0x90, 0xf0, 0x40, 0xd, 0x75, 0xed, 0xc0,
    0xc, 0x1f, 0xdb, 0x0, 0x2c, 0x78, 0xd3, 0xd0,
    0x74, 0xd5, 0xc0, 0xb8, 0x10, 0x7, 0x80, 0x10,

    /* U+5F00 "开" */
    0x0, 0x0, 0x0, 0x0, 0xf, 0xff, 0xff, 0xf4,
    0x0, 0x1c, 0xd, 0x0, 0x0, 0x1c, 0xd, 0x0,
    0x0, 0x1c, 0xd, 0x0, 0x0, 0x1c, 0xd, 0x0,
    0x15, 0x6d, 0x5e, 0x54, 0x3f, 0xff, 0xff, 0xfc,
    0x0, 0x28, 0xd, 0x0, 0x0, 0x34, 0xd, 0x0,
    0x0, 0x70, 0xd, 0x0, 0x1, 0xe0, 0xd, 0x0,
    0xb, 0x80, 0xd, 0x0, 0xa, 0x0, 0xd, 0x0,

    /* U+5F02 "异" */
    0x3, 0xff, 0xff, 0xc0, 0x3, 0x0, 0x1, 0x80,
    0x3, 0xff, 0xff, 0xc0, 0x3, 0x0, 0x0, 0x10,
    0x3, 0x40, 0x0, 0x34, 0x2, 0xff, 0xff, 0xe0,
    0x0, 0x10, 0x4, 0x0, 0x0, 0x34, 0xd, 0x0,
    0x3f, 0xff, 0xff, 0xfc, 0x0, 0x70, 0xd, 0x0,
    0x0, 0xe0, 0xd, 0x0, 0x7, 0xc0, 0xd, 0x0,
    0x1d, 0x0, 0xd, 0x0, 0x0, 0x0, 0x0, 0x0,

    /* U+5F0F "式" */
    0x0, 0x0, 0x0, 0x0, 0x0, 0x0, 0xd2, 0x0,
    0x0, 0x0, 0xd3, 0x80, 0x0, 0x0, 0xd0, 0x80,
    0x7f, 0xff, 0xff, 0xf4, 0x0, 0x0, 0xe0, 0x0,
    0x0, 0x0, 0xa0, 0x0, 0x0, 0x0, 0x70, 0x0,
    0x1f, 0xfe, 0x30, 0x0, 0x0, 0xd0, 0x34, 0x0,
    0x0, 0xd0, 0x28, 0x0, 0x0, 0xd0, 0x1c, 0x0,
    0x0, 0xeb, 0x4e, 0x18, 0x1b, 0xf9, 0x7, 0x6c,
    0x2d, 0x0, 0x1, 0xf8, 0x0, 0x0, 0x0, 0x20,

    /* U+5F2F "弯" */
    0x0, 0x0, 0x0, 0x0, 0x0, 0x2, 0x80, 0x0,
    0x3f, 0xff, 0xff, 0xfc, 0x10, 0x1c, 0x34, 0x4,
    0x3, 0x1c, 0x31, 0xc0, 0xe, 0x1c, 0x30, 0xb4,
    0x38, 0x8, 0x20, 0x2c, 0x11, 0x0, 0x0, 0x4,
    0xb, 0xff, 0xff, 0xc0, 0x1, 0x55, 0x55, 0xc0,
    0x3, 0xaa, 0xaa, 0x80, 0x3, 0x0, 0x0, 0x0,
    0x3, 0xff, 0xff, 0xe0, 0x0, 0x0, 0x0, 0xa0,
    0x0, 0x0, 0x1, 0xd0, 0x0, 0x0, 0x3f, 0x40,
    0x0, 0x0, 0x0, 0x0,

    /* U+5F3A "强" */
    0x0, 0x0, 0x0, 0xf, 0xf5, 0xff, 0xf4, 0x2,
    0x5c, 0x3, 0x40, 0x25, 0xea, 0xb4, 0xbf, 0x45,
    0x75, 0xd, 0x0, 0x3, 0x0, 0xd0, 0x3f, 0xff,
    0xce, 0x53, 0x43, 0x1c, 0x57, 0x34, 0x31, 0xc0,
    0x33, 0xff, 0xfc, 0x3, 0x20, 0x30, 0x0, 0x30,
    0x3, 0x28, 0x7, 0x0, 0x7b, 0xc7, 0xe7, 0xf9,
    0x4b, 0x24, 0x10, 0x0, 0x0,

    /* U+5F53 "当" */
    0x0, 0x7, 0x0, 0x1, 0xc0, 0x70, 0x1c, 0xe,
    0x7, 0x3, 0x80, 0x74, 0x70, 0xf0, 0x2, 0x47,
    0xc, 0x0, 0x0, 0x70, 0x0, 0x3f, 0xff, 0xff,
    0xc0, 0x0, 0x0, 0xc, 0x0, 0x0, 0x1, 0xc2,
    0xff, 0xff, 0xfc, 0x0, 0x0, 0x0, 0xc0, 0x0,
    0x0, 0xc, 0x3f, 0xff, 0xff, 0xc0, 0x0, 0x0,
    0x1c, 0x0, 0x0, 0x0, 0xc0,

    /* U+5F85 "待" */
    0x0, 0xc0, 0x34, 0x0, 0x2, 0x80, 0x34, 0x0,
    0xb, 0xf, 0xff, 0xe0, 0x2c, 0x40, 0x34, 0x0,
    0x10, 0xe0, 0x34, 0x0, 0x2, 0xdf, 0xff, 0xfd,
    0x7, 0x40, 0x1, 0xc0, 0xf, 0x40, 0x1, 0xc0,
    0x37, 0x6f, 0xff, 0xfc, 0x13, 0x41, 0x1, 0xc0,
    0x3, 0x43, 0x41, 0xc0, 0x3, 0x42, 0xc1, 0xc0,
    0x3, 0x40, 0x41, 0xc0, 0x3, 0x40, 0xf, 0xc0,
    0x3, 0x40, 0xa, 0x0,

    /* U+6001 "态" */
    0x0, 0x0, 0x0, 0x0, 0x0, 0x7, 0x0, 0x0,
    0x0, 0xb, 0x0, 0x0, 0x3f, 0xff, 0xff, 0xf8,
    0x0, 0x1d, 0x74, 0x0, 0x0, 0x38, 0x28, 0x0,
    0x0, 0xb8, 0xe, 0x0, 0x3, 0xcb, 0x3, 0xd0,
    0x2e, 0x2, 0x0, 0xb8, 0x14, 0x0, 0x40, 0x0,
    0x4, 0x21, 0xc0, 0x90, 0xd, 0x30, 0xd0, 0xb0,
    0x1c, 0x30, 0x2, 0x38, 0x34, 0x34, 0xb, 0x4,
    0x10, 0x2f, 0xfd, 0x0,

    /* U+611F "感" */
    0x0, 0x0, 0x63, 0x0, 0x0, 0x0, 0x71, 0x40,
    0xf, 0xff, 0xff, 0xf8, 0xd, 0x0, 0x30, 0x0,
    0xd, 0xff, 0x30, 0xc0, 0xd, 0x0, 0x35, 0x80,
    0xd, 0xff, 0x1b, 0x40, 0xc, 0xc3, 0xf, 0x0,
    0x2c, 0xff, 0x1f, 0x5c, 0x34, 0x0, 0x61, 0xf8,
    0x4, 0x13, 0x40, 0x10, 0xd, 0x71, 0x80, 0xb0,
    0x1c, 0x70, 0xb, 0x38, 0x14, 0x3f, 0xfd, 0x0,

    /* U+6210 "成" */
    0x0, 0x0, 0x0, 0x0, 0x0, 0x0, 0x72, 0x80,
    0x0, 0x0, 0x70, 0xe0, 0x0, 0x0, 0x70, 0x50,
    0xf, 0xff, 0xff, 0xf8, 0xe, 0x0, 0x30, 0x0,
    0x9, 0x0, 0x30, 0x60, 0xb, 0xfd, 0x34, 0xe0,
    0xe, 0xd, 0x29, 0xc0, 0xd, 0xd, 0x2b, 0x80,
    0xd, 0xc, 0xf, 0x0, 0xc, 0xc, 0x1e, 0x0,
    0x1c, 0xbc, 0x7b, 0xc, 0x38, 0x66, 0xd2, 0xec,
    0x30, 0xf, 0x0, 0xfc, 0x0, 0x0, 0x0, 0x0,

    /* U+624B "手" */
    0x0, 0x0, 0x0, 0x0, 0x0, 0x15, 0x6b, 0xd0,
    0xb, 0xff, 0xe5, 0x40, 0x0, 0x1, 0xc0, 0x0,
    0x0, 0x1, 0xc0, 0x0, 0x7, 0xff, 0xff, 0xf0,
    0x0, 0x1, 0xc0, 0x0, 0x0, 0x1, 0xc0, 0x0,
    0x3f, 0xff, 0xff, 0xfd, 0x0, 0x1, 0xc0, 0x0,
    0x0, 0x1, 0xc0, 0x0, 0x0, 0x1, 0xc0, 0x0,
    0x0, 0x2, 0xc0, 0x0, 0x0, 0xf, 0x80, 0x0,
    0x0, 0x0, 0x0, 0x0,

    /* U+62A5 "报" */
    0x1, 0xc0, 0x0, 0x0, 0x0, 0xc1, 0xff, 0xf0,
    0x0, 0xc1, 0xc0, 0x70, 0x15, 0xd5, 0xc0, 0x70,
    0x2f, 0xfd, 0xc1, 0xe0, 0x0, 0xc1, 0xc2, 0x40,
    0x0, 0xc5, 0xff, 0xf4, 0x6, 0xf9, 0xe8, 0x70,
    0x3e, 0xc1, 0xcc, 0x70, 0x0, 0xc1, 0xcd, 0xd0,
    0x0, 0xc1, 0xc3, 0xc0, 0x0, 0xc1, 0xc3, 0xd0,
    0x1, 0xc1, 0xdd, 0x78, 0xf, 0x41, 0xe4, 0x1d,
    0x0, 0x0, 0x0, 0x0,

    /* U+62E9 "择" */
    0x3, 0x0, 0x0, 0x0, 0x3, 0x7, 0xff, 0xf0,
    0x7, 0x1, 0xc0, 0xc0, 0x3f, 0xf0, 0xa7, 0x40,
    0x3, 0x0, 0x3e, 0x0, 0x3, 0x6, 0xe7, 0xe8,
    0x3, 0x9a, 0x18, 0x68, 0x2f, 0x80, 0x2c, 0x0,
    0x3b, 0xb, 0xff, 0xf0, 0x3, 0x0, 0x1c, 0x0,
    0x3, 0x0, 0x1c, 0x0, 0x3, 0x3f, 0xff, 0xfc,
    0x7, 0x0, 0x1c, 0x0, 0x2f, 0x0, 0x1c, 0x0,
    0x4, 0x0, 0x2c, 0x0,

    /* U+62FC "拼" */
    0x3, 0x1, 0x40, 0xd0, 0x3, 0x1, 0xc0, 0xd0,
    0x3, 0x0, 0x82, 0x80, 0x17, 0x46, 0xab, 0xe8,
    0x2f, 0xe1, 0xe6, 0xd4, 0x3, 0x0, 0x91, 0xc0,
    0x3, 0x0, 0x91, 0xc0, 0x17, 0x9f, 0xff, 0xfd,
    0x3b, 0x0, 0xe1, 0xc0, 0x3, 0x0, 0xd1, 0xc0,
    0x3, 0x0, 0xc1, 0xc0, 0x3, 0x3, 0x81, 0xc0,
    0x1b, 0xf, 0x1, 0xc0, 0x8, 0x1c, 0x1, 0xc0,

    /* U+636E "据" */
    0x2, 0x0, 0x0, 0x0, 0x3, 0x3, 0xff, 0xf0,
    0x3, 0x3, 0x0, 0x30, 0x17, 0x97, 0x0, 0x30,
    0x2b, 0xa7, 0xff, 0xf0, 0x3, 0x3, 0x2, 0x0,
    0x3, 0x67, 0x7, 0x0, 0x3, 0xd7, 0xff, 0xfd,
    0x3f, 0x6, 0x7, 0x0, 0x13, 0x6, 0xbf, 0xf0,
    0x3, 0x9, 0xd0, 0x30, 0x3, 0xc, 0xd0, 0x30,
    0x3, 0x18, 0xd0, 0x30, 0x1a, 0x30, 0xff, 0xf0,
    0x0, 0x0, 0x0, 0x0,

    /* U+63A5 "接" */
    0x0, 0x0, 0x4, 0x0, 0x3, 0x0, 0xc, 0x0,
    0x3, 0x6, 0xae, 0xa8, 0x3, 0x6, 0xaa, 0xa8,
    0x3f, 0xe0, 0x80, 0xd0, 0x3, 0x0, 0xd1, 0xc0,
    0x3, 0x0, 0x92, 0x80, 0x3, 0xb, 0xff, 0xfc,
    0x7, 0xd0, 0x34, 0x0, 0x3f, 0xf, 0xff, 0xfe,
    0x13, 0x0, 0xd0, 0xc0, 0x3, 0x1, 0xd2, 0x80,
    0x3, 0x0, 0x6f, 0x0, 0x3, 0x0, 0x7e, 0xe0,
    0x2f, 0xf, 0xd0, 0x3c, 0x0, 0x4, 0x0, 0x0,

    /* U+63A7 "控" */
    0x0, 0x0, 0x0, 0x0, 0x7, 0x0, 0x2c, 0x0,
    0x7, 0x0, 0x1c, 0x0, 0x7, 0xf, 0xff, 0xfc,
    0x7, 0xd, 0x0, 0xc, 0x3f, 0xdc, 0x91, 0x8c,
    0x7, 0x1, 0xd0, 0xe0, 0x7, 0x7, 0x40, 0x34,
    0x7, 0xd5, 0x0, 0x10, 0x3f, 0xb, 0xff, 0xf0,
    0x17, 0x0, 0xc, 0x0, 0x7, 0x0, 0xc, 0x0,
    0x7, 0x0, 0xc, 0x0, 0x7, 0x0, 0x1c, 0x0,
    0x1f, 0xf, 0xff, 0xfd, 0x4, 0x0, 0x0, 0x0,

    /* U+6570 "数" */
    0x4, 0xd2, 0x18, 0x0, 0x33, 0x58, 0xa0, 0x0,
    0x4d, 0x93, 0x40, 0xf, 0xff, 0xdf, 0xfd, 0x3,
    0xd4, 0x70, 0xe0, 0x77, 0xb7, 0xc3, 0x43, 0x49,
    0x6f, 0xc, 0x0, 0xa0, 0x6c, 0x30, 0x3f, 0xfe,
    0x29, 0xc0, 0x1c, 0x34, 0x7a, 0x0, 0xf5, 0xc0,
    0xf0, 0x0, 0x6f, 0x43, 0xd0, 0x1, 0xd6, 0x39,
    0xd0, 0xb8, 0xb, 0x41, 0xd0, 0x0, 0x0, 0x0,
    0x0,

    /* U+6591 "斑" */
    0x0, 0x0, 0x0, 0x0, 0x0, 0x3, 0x0, 0x0,
    0x15, 0x52, 0x8a, 0xa8, 0x2b, 0x90, 0x5, 0xe4,
    0x3, 0x1f, 0xfc, 0xc0, 0x3, 0x0, 0x20, 0xc0,
    0x3, 0xc, 0x60, 0xc0, 0x17, 0x4a, 0x50, 0xd0,
    0x2f, 0x93, 0xcb, 0xfc, 0x3, 0x1, 0xc0, 0xc0,
    0x3, 0x0, 0xd0, 0xc0, 0x3, 0x3, 0xb0, 0xc0,
    0x3, 0xf7, 0x38, 0xc0, 0x2e, 0x5c, 0x14, 0xc0,
    0x20, 0x74, 0x3f, 0xfd, 0x0, 0x0, 0x0, 0x0,

    /* U+65B0 "新" */
    0x0, 0xd0, 0x0, 0x68, 0x4, 0xe5, 0x1f, 0xa8,
    0x3f, 0xff, 0x5c, 0x0, 0x5, 0x8, 0x1c, 0x0,
    0x6, 0x18, 0x1c, 0x0, 0x3f, 0xff, 0x9f, 0xfd,
    0x15, 0xe5, 0x1c, 0x70, 0x0, 0xd0, 0x1c, 0x70,
    0x3f, 0xff, 0x58, 0x70, 0x4, 0xd0, 0x28, 0x70,
    0xe, 0xdc, 0x24, 0x70, 0x2c, 0xdb, 0x34, 0x70,
    0x30, 0xd1, 0x70, 0x70, 0x12, 0xd0, 0xe0, 0x70,
    0x3, 0x80, 0xc0, 0x70, 0x0, 0x0, 0x0, 0x0,

    /* U+65B9 "方" */
    0x0, 0x0, 0x0, 0x0, 0x0, 0x1c, 0x0, 0x0,
    0x0, 0x38, 0x0, 0x0, 0x0, 0x50, 0x0, 0x3f,
    0xff, 0xff, 0xfc, 0x0, 0xd0, 0x0, 0x0, 0x3,
    0x40, 0x0, 0x0, 0xd, 0x0, 0x0, 0x0, 0x3f,
    0xff, 0xc0, 0x0, 0xc0, 0x3, 0x0, 0xb, 0x0,
    0x1c, 0x0, 0x38, 0x0, 0x70, 0x2, 0xc0, 0x2,
    0x80, 0x1d, 0x0, 0xe, 0x1, 0xd0, 0x7, 0xf4,
    0x5, 0x0, 0x9, 0x0,

    /* U+65E0 "无" */
    0x0, 0x0, 0x0, 0x0, 0x7, 0xff, 0xff, 0xd0,
    0x0, 0x7, 0x0, 0x0, 0x0, 0x7, 0x0, 0x0,
    0x0, 0x7, 0x0, 0x0, 0x0, 0x7, 0x0, 0x0,
    0x2f, 0xff, 0xff, 0xf8, 0x0, 0xa, 0x70, 0x0,
    0x0, 0xd, 0x70, 0x0, 0x0, 0x1c, 0x70, 0x0,
    0x0, 0x38, 0x70, 0x0, 0x0, 0xf0, 0x70, 0x18,
    0x3, 0xc0, 0x34, 0x2c, 0x2f, 0x0, 0x2f, 0xf4,
    0x4, 0x0, 0x0, 0x0,

    /* U+65E5 "日" */
    0xff, 0xff, 0xf7, 0x80, 0x0, 0xdd, 0x0, 0x3,
    0x74, 0x0, 0xd, 0xd0, 0x0, 0x37, 0xff, 0xff,
    0xdd, 0x0, 0x3, 0x74, 0x0, 0xd, 0xd0, 0x0,
    0x37, 0x40, 0x0, 0xde, 0x55, 0x57, 0x7f, 0xff,
    0xfd, 0xd0, 0x0, 0x34,

    /* U+661F "星" */
    0x7, 0xff, 0xff, 0xd0, 0x7, 0x0, 0x0, 0xd0,
    0x7, 0xff, 0xff, 0xd0, 0x7, 0x0, 0x0, 0xd0,
    0x7, 0xff, 0xff, 0xd0, 0x0, 0x0, 0x40, 0x0,
    0x3, 0x81, 0xc0, 0x0, 0xb, 0xff, 0xff, 0xf0,
    0x1d, 0x1, 0xc0, 0x0, 0x38, 0x1, 0xc0, 0x0,
    0x1, 0xff, 0xff, 0xd0, 0x0, 0x1, 0xc0, 0x0,
    0x0, 0x1, 0xc0, 0x0, 0x3f, 0xff, 0xff, 0xfc,
    0x0, 0x0, 0x0, 0x0,

    /* U+6674 "晴" */
    0x0, 0x0, 0x30, 0x1, 0x54, 0x6a, 0xfa, 0x8e,
    0x74, 0x3, 0x40, 0x34, 0xd3, 0xff, 0xf4, 0xd3,
    0x40, 0x30, 0x3, 0x4d, 0xff, 0xff, 0xdf, 0xf4,
    0x0, 0x0, 0x34, 0xd3, 0xff, 0xf0, 0xd3, 0x4d,
    0x0, 0xc3, 0x4d, 0x3f, 0xff, 0xf, 0xf4, 0xd0,
    0xc, 0x34, 0xd3, 0xff, 0xf0, 0xd0, 0xd, 0x0,
    0xc0, 0x0, 0x34, 0xb, 0x0, 0x0, 0xd0, 0x24,
    0x0,

    /* U+6682 "暂" */
    0x3, 0x0, 0x1, 0x40, 0x70, 0x4f, 0xfc, 0x6e,
    0xa8, 0xc0, 0x2, 0x8c, 0xe, 0x55, 0x3f, 0xfc,
    0xdb, 0x50, 0xc, 0x1c, 0x70, 0xaf, 0xfa, 0x87,
    0x5, 0xc, 0x30, 0x70, 0x0, 0x40, 0x1, 0x0,
    0xff, 0xff, 0xf0, 0xd, 0x0, 0x7, 0x0, 0xfa,
    0xaa, 0xf0, 0xd, 0x0, 0x7, 0x0, 0xff, 0xff,
    0xf0,

    /* U+6708 "月" */
    0x7, 0xff, 0xff, 0x41, 0xc0, 0x0, 0xc0, 0x70,
    0x0, 0x30, 0x1e, 0xaa, 0xac, 0x7, 0x0, 0x3,
    0x1, 0xc0, 0x0, 0xc0, 0x70, 0x0, 0x30, 0x1f,
    0xff, 0xfc, 0xa, 0x0, 0x3, 0x3, 0x80, 0x0,
    0xc0, 0xc0, 0x0, 0x30, 0xe0, 0x0, 0x5c, 0x70,
    0x0, 0x3e, 0x0, 0x0, 0x0, 0x0,

    /* U+671F "期" */
    0xd, 0xd, 0x0, 0x0, 0x34, 0x34, 0xff, 0xd3,
    0xff, 0xf7, 0x43, 0x43, 0x43, 0x4d, 0xd, 0xd,
    0xd, 0x38, 0x34, 0x3e, 0xb4, 0xfa, 0xd0, 0xd0,
    0xd3, 0x43, 0x43, 0xff, 0x4d, 0xd, 0xd, 0xd,
    0x3f, 0xf6, 0xff, 0xfd, 0xd0, 0xd0, 0x40, 0x3,
    0x3, 0x43, 0x47, 0x2c, 0xd, 0x34, 0xa, 0xd0,
    0x34, 0x80, 0xb, 0x3, 0xc0, 0x0, 0x0, 0x4,
    0x0,

    /* U+672A "未" */
    0x0, 0x3, 0x40, 0x0, 0x0, 0x3, 0x40, 0x0,
    0x0, 0x3, 0x40, 0x0, 0xf, 0xff, 0xff, 0xd0,
    0x0, 0x3, 0x40, 0x0, 0x0, 0x3, 0x40, 0x0,
    0x3f, 0xff, 0xff, 0xf8, 0x0, 0x1f, 0xd0, 0x0,
    0x0, 0x37, 0xb4, 0x0, 0x0, 0xe3, 0x5d, 0x0,
    0x7, 0x83, 0x4b, 0x80, 0x2e, 0x3, 0x41, 0xf8,
    0x24, 0x3, 0x40, 0x24, 0x0, 0x3, 0x40, 0x0,

    /* U+6761 "条" */
    0x0, 0x10, 0x0, 0x0, 0x0, 0x70, 0x0, 0x0,
    0x0, 0xff, 0xff, 0x40, 0x2, 0xf0, 0xb, 0x0,
    0x7, 0x78, 0x1c, 0x0, 0xd, 0xe, 0xb4, 0x0,
    0x0, 0x7, 0xe0, 0x0, 0x0, 0x7d, 0x7e, 0x40,
    0x2f, 0x92, 0x46, 0xfc, 0x29, 0x3, 0x80, 0x40,
    0xf, 0xff, 0xff, 0xe0, 0x0, 0x3, 0x40, 0x0,
    0x0, 0xd3, 0x4d, 0x0, 0x7, 0x83, 0x47, 0xc0,
    0x2d, 0x7, 0x40, 0xb0, 0x0, 0x1e, 0x0, 0x0,
    0x0, 0x0, 0x0, 0x0,

    /* U+6765 "来" */
    0x0, 0x3, 0x40, 0x0, 0x0, 0x3, 0x40, 0x0,
    0x1f, 0xff, 0xff, 0xe0, 0x0, 0x3, 0x41, 0x0,
    0x2, 0xc3, 0x47, 0x0, 0x0, 0xd3, 0x4d, 0x0,
    0x0, 0x53, 0x48, 0x0, 0x3f, 0xff, 0xff, 0xf8,
    0x0, 0x2f, 0xf0, 0x0, 0x0, 0x73, 0x7c, 0x0,
    0x2, 0xc3, 0x4f, 0x40, 0x1f, 0x3, 0x42, 0xf8,
    0x3c, 0x3, 0x40, 0x74, 0x0, 0x3, 0x40, 0x0,

    /* U+68C0 "检" */
    0x0, 0x0, 0x0, 0x0, 0x3, 0x40, 0x38, 0x0,
    0x3, 0x0, 0x3c, 0x0, 0x3, 0x0, 0xaa, 0x0,
    0x3f, 0xf1, 0xc3, 0x80, 0x17, 0x57, 0x40, 0xf4,
    0x7, 0x1f, 0xff, 0x7c, 0xf, 0x48, 0x0, 0x0,
    0xf, 0xe0, 0x30, 0x60, 0x2b, 0x7b, 0x38, 0xa0,
    0x73, 0x3, 0x5c, 0xd0, 0x13, 0x2, 0x8d, 0xc0,
    0x3, 0x1, 0x82, 0x80, 0x3, 0x0, 0x7, 0x40,
    0x3, 0x1f, 0xff, 0xfc, 0x3, 0x40, 0x0, 0x0,

    /* U+690D "植" */
    0x3, 0x0, 0x18, 0x0, 0x3, 0x0, 0x1c, 0x0,
    0x3, 0x1f, 0xff, 0xfc, 0x2b, 0xa0, 0x1c, 0x0,
    0x1b, 0x53, 0xff, 0xf0, 0xb, 0x3, 0x0, 0x30,
    0xf, 0xd3, 0xff, 0xf0, 0x2f, 0x73, 0x0, 0x70,
    0x37, 0x3, 0xff, 0xf0, 0x23, 0x3, 0x0, 0x70,
    0x3, 0x3, 0xaa, 0xf0, 0x3, 0x3, 0x0, 0x70,
    0x3, 0x7, 0x0, 0x70, 0x3, 0x2f, 0xff, 0xfe,

    /* U+6A21 "模" */
    0x3, 0x0, 0xa2, 0x80, 0x3, 0xa, 0xfb, 0xe8,
    0x3, 0x0, 0xa2, 0x80, 0x17, 0x90, 0x1, 0x0,
    0x2b, 0xa3, 0xff, 0xf0, 0x7, 0x3, 0x0, 0x30,
    0xb, 0x83, 0xff, 0xf0, 0xf, 0xb3, 0x0, 0x30,
    0x2b, 0x23, 0xff, 0xf0, 0x73, 0x0, 0x1c, 0x0,
    0x3, 0xf, 0xff, 0xfc, 0x3, 0x0, 0x3b, 0x40,
    0x3, 0x1, 0xd0, 0xe0, 0x3, 0x1e, 0x0, 0x2c,
    0x0, 0x0, 0x0, 0x0,

    /* U+6B21 "次" */
    0x0, 0x1, 0x80, 0x0, 0x4, 0x2, 0xc0, 0x0,
    0x1d, 0x3, 0x40, 0x0, 0xb, 0x7, 0xff, 0xf0,
    0x3, 0x8d, 0x0, 0x70, 0x0, 0x1c, 0x20, 0xa0,
    0x0, 0x24, 0x30, 0x90, 0x0, 0x40, 0x30, 0x0,
    0x2, 0xc0, 0x74, 0x0, 0x3, 0x0, 0xb8, 0x0,
    0xe, 0x0, 0xcd, 0x0, 0x1c, 0x3, 0x47, 0x40,
    0x34, 0x1e, 0x1, 0xe0, 0x10, 0xf4, 0x0, 0x7c,
    0x0, 0x40, 0x0, 0x4,

    /* U+6B22 "欢" */
    0x0, 0x0, 0x60, 0x0, 0x0, 0x0, 0xa0, 0x0,
    0x2e, 0xa4, 0xd0, 0x0, 0x5, 0x74, 0xff, 0xf8,
    0x0, 0x31, 0x80, 0x30, 0xc, 0x33, 0x44, 0x70,
    0xb, 0xa2, 0x1c, 0x0, 0x3, 0xd0, 0x1c, 0x0,
    0x1, 0xd0, 0x1c, 0x0, 0x3, 0xb0, 0x2e, 0x0,
    0x7, 0x38, 0x37, 0x0, 0xd, 0x8, 0xe2, 0xc0,
    0x3c, 0x2, 0xc0, 0xf4, 0x0, 0x1f, 0x0, 0x2c,
    0x0, 0x4, 0x0, 0x0,

    /* U+6B62 "止" */
    0x0, 0x1, 0xc0, 0x0, 0x0, 0x7, 0x0, 0x0,
    0x10, 0x1c, 0x0, 0x0, 0xd0, 0x70, 0x0, 0x3,
    0x41, 0xff, 0xf0, 0xd, 0x7, 0x0, 0x0, 0x34,
    0x1c, 0x0, 0x0, 0xd0, 0x70, 0x0, 0x3, 0x41,
    0xc0, 0x0, 0xd, 0x7, 0x0, 0x0, 0x34, 0x1c,
    0x0, 0x1f, 0xff, 0xff, 0xff, 0x15, 0x55, 0x55,
    0x54,

    /* U+6B63 "正" */
    0x5, 0x55, 0x55, 0x50, 0x3f, 0xff, 0xff, 0xc0,
    0x0, 0x1c, 0x0, 0x0, 0x0, 0x70, 0x0, 0x2,
    0x41, 0xc0, 0x0, 0xd, 0x7, 0x55, 0x40, 0x34,
    0x1f, 0xfe, 0x0, 0xd0, 0x70, 0x0, 0x3, 0x41,
    0xc0, 0x0, 0xd, 0x7, 0x0, 0x0, 0x34, 0x1c,
    0x0, 0x4, 0xe0, 0x70, 0x4, 0x7f, 0xff, 0xff,
    0xf8,

    /* U+6C14 "气" */
    0x0, 0xd0, 0x0, 0x0, 0x1, 0xd0, 0x0, 0x0,
    0x3, 0xff, 0xff, 0xf0, 0xb, 0x0, 0x0, 0x0,
    0x1d, 0xff, 0xff, 0x80, 0x18, 0x0, 0x0, 0x0,
    0x0, 0x0, 0x0, 0x0, 0xf, 0xff, 0xff, 0x40,
    0x0, 0x0, 0x3, 0x40, 0x0, 0x0, 0x3, 0x40,
    0x0, 0x0, 0x3, 0x40, 0x0, 0x0, 0x3, 0x88,
    0x0, 0x0, 0x2, 0xdc, 0x0, 0x0, 0x0, 0xf8,
    0x0, 0x0, 0x0, 0x60,

    /* U+6D4B "测" */
    0x0, 0x0, 0x0, 0x8, 0x74, 0xaa, 0x80, 0x70,
    0x73, 0x57, 0x21, 0xc0, 0xc, 0x4c, 0xc7, 0x10,
    0x33, 0x33, 0x1c, 0xb0, 0xcc, 0xcc, 0x70, 0x93,
    0x33, 0x31, 0xc0, 0xc, 0xcc, 0xc7, 0x2, 0x33,
    0x33, 0x1c, 0x1c, 0x9c, 0x8c, 0x70, 0xd0, 0xa4,
    0x31, 0xc7, 0x3, 0x74, 0x7, 0x38, 0x38, 0x70,
    0x1c, 0xc2, 0xc0, 0x93, 0xf0, 0x0, 0x0, 0x5,
    0x0,

    /* U+6E05 "清" */
    0x0, 0x0, 0x34, 0x0, 0x34, 0xaa, 0xfa, 0x80,
    0x35, 0x57, 0x95, 0x0, 0x7, 0xff, 0xfc, 0x20,
    0x0, 0x34, 0x0, 0xb5, 0xff, 0xff, 0xe0, 0x50,
    0x0, 0x0, 0x0, 0x3, 0xff, 0xfc, 0x1, 0xd,
    0x0, 0x70, 0xd, 0x3f, 0xff, 0xc0, 0x70, 0xd0,
    0x7, 0x3, 0x43, 0xff, 0xfc, 0x1c, 0xd, 0x0,
    0x70, 0xe0, 0x34, 0x6, 0xc1, 0x0, 0xd0, 0xd,
    0x0, 0x0, 0x0, 0x0,

    /* U+6E29 "温" */
    0x0, 0x0, 0x0, 0x0, 0x1d, 0x1f, 0xff, 0xd0,
    0x3, 0x5c, 0x0, 0xd0, 0x0, 0x1f, 0xff, 0xd0,
    0x34, 0x1c, 0x0, 0xd0, 0x1d, 0x1c, 0x0, 0xd0,
    0x5, 0x1f, 0xff, 0xd0, 0x0, 0x0, 0x0, 0x0,
    0x6, 0x3f, 0xff, 0xf0, 0xa, 0x34, 0xcd, 0x30,
    0xc, 0x30, 0xcc, 0x30, 0x1c, 0x30, 0xcc, 0x30,
    0x38, 0x30, 0xcd, 0x30, 0x31, 0xff, 0xff, 0xfd,
    0x0, 0x0, 0x0, 0x0,

    /* U+6E7F "湿" */
    0x0, 0x0, 0x0, 0x0, 0x1c, 0x1f, 0xff, 0xf0,
    0x7, 0x4c, 0x0, 0x30, 0x0, 0xf, 0xff, 0xf0,
    0x10, 0xc, 0x0, 0x30, 0x3c, 0xc, 0x0, 0x30,
    0xa, 0xf, 0xff, 0xf0, 0x0, 0x0, 0x82, 0x0,
    0x1, 0x30, 0xc7, 0xc, 0xa, 0x38, 0xc7, 0x1c,
    0xd, 0x1c, 0xc7, 0x34, 0x1c, 0xd, 0xc7, 0xa0,
    0x28, 0x0, 0xc7, 0x0, 0x30, 0x7f, 0xff, 0xfc,
    0x0, 0x0, 0x0, 0x0,

    /* U+706F "灯" */
    0x0, 0x0, 0x0, 0x0, 0x0, 0xc0, 0x0, 0x0,
    0x0, 0xc3, 0xff, 0xfd, 0x0, 0xc0, 0x3, 0x40,
    0x14, 0xc5, 0x3, 0x40, 0x24, 0xed, 0x3, 0x40,
    0x34, 0xf0, 0x3, 0x40, 0x31, 0xc0, 0x3, 0x40,
    0x21, 0xc0, 0x3, 0x40, 0x2, 0xc0, 0x3, 0x40,
    0x3, 0xf0, 0x3, 0x40, 0x3, 0x2c, 0x3, 0x40,
    0xa, 0xf, 0x3, 0x40, 0x1c, 0x0, 0x3, 0x0,
    0x38, 0x0, 0x2f, 0x0, 0x0, 0x0, 0x4, 0x0,

    /* U+7136 "然" */
    0x0, 0x0, 0x0, 0x0, 0x3, 0x80, 0xc, 0x40,
    0x7, 0xa9, 0xc, 0x70, 0xe, 0x4e, 0xc, 0x10,
    0x2d, 0xdf, 0xff, 0xf4, 0x30, 0x7c, 0x2e, 0x0,
    0xa, 0x34, 0x3b, 0x0, 0x2, 0xf0, 0x73, 0x80,
    0x3, 0xc1, 0xd0, 0xe0, 0x1f, 0x7, 0x80, 0x7c,
    0x8, 0x2, 0x0, 0x0, 0x9, 0x14, 0x30, 0xe0,
    0xd, 0x1c, 0x38, 0x34, 0x38, 0xc, 0x1c, 0x2c,
    0x0, 0x0, 0x0, 0x0,

    /* U+7167 "照" */
    0x0, 0x0, 0x0, 0x0, 0x1f, 0xf7, 0xff, 0xf0,
    0x1c, 0x34, 0x28, 0x30, 0x1c, 0x34, 0x30, 0x30,
    0x1c, 0x34, 0xe1, 0xb0, 0x1e, 0xb7, 0x81, 0x90,
    0x1c, 0x34, 0xff, 0xf0, 0x1c, 0x34, 0xc0, 0x30,
    0x1c, 0x34, 0xc0, 0x30, 0x1f, 0xf4, 0xff, 0xf0,
    0x0, 0x0, 0x0, 0x0, 0xd, 0x28, 0x34, 0x70,
    0x1c, 0x2c, 0x28, 0x34, 0x34, 0xc, 0x1c, 0x1c,
    0x0, 0x0, 0x0, 0x0,

    /* U+7269 "物" */
    0x0, 0x0, 0x0, 0x0, 0x0, 0xc0, 0x70, 0x0,
    0x0, 0xc0, 0xb0, 0x0, 0x1c, 0xc0, 0xe5, 0x54,
    0x28, 0xd1, 0xfe, 0xec, 0x2f, 0xfb, 0x58, 0xcc,
    0x30, 0xc7, 0x25, 0xcc, 0x70, 0xc0, 0x31, 0xcc,
    0x0, 0xc0, 0xb2, 0x8c, 0x0, 0xfc, 0xd3, 0x5c,
    0x3f, 0xd3, 0x87, 0x1c, 0x20, 0xc1, 0xe, 0x1c,
    0x0, 0xc0, 0x1c, 0x1c, 0x0, 0xc0, 0x74, 0x2c,
    0x0, 0xc3, 0xd2, 0xb4, 0x0, 0xc1, 0x1, 0x90,

    /* U+72B6 "状" */
    0x0, 0xd0, 0x18, 0x0, 0x0, 0xd0, 0x2c, 0x80,
    0x10, 0xd0, 0x2c, 0xb0, 0x34, 0xd0, 0x1c, 0x20,
    0x1c, 0xd0, 0x2c, 0x0, 0x0, 0xdf, 0xff, 0xfc,
    0x0, 0xd0, 0x2c, 0x0, 0x2, 0xd0, 0x3c, 0x0,
    0x7, 0xd0, 0x3e, 0x0, 0x1c, 0xd0, 0x77, 0x0,
    0x34, 0xd0, 0xa3, 0x40, 0x0, 0xd1, 0xc2, 0xc0,
    0x0, 0xd3, 0x80, 0xf0, 0x0, 0xef, 0x0, 0x7c,
    0x0, 0xec, 0x0, 0x10,

    /* U+7389 "玉" */
    0x0, 0x0, 0x0, 0x0, 0xff, 0xff, 0xff, 0x40,
    0x0, 0x70, 0x0, 0x0, 0x1, 0xc0, 0x0, 0x0,
    0x7, 0x0, 0x0, 0x0, 0x1c, 0x0, 0x0, 0x55,
    0xb5, 0x50, 0x3, 0xff, 0xff, 0xd0, 0x0, 0x7,
    0x0, 0x0, 0x0, 0x1c, 0xa0, 0x0, 0x0, 0x70,
    0xf4, 0x0, 0x1, 0xc0, 0xa0, 0x10, 0xb, 0x0,
    0x53, 0xff, 0xff, 0xff, 0xd0,

    /* U+73AF "环" */
    0x0, 0x0, 0x0, 0x0, 0x3f, 0xfb, 0xff, 0xfc,
    0x3, 0x0, 0xa, 0x0, 0x3, 0x0, 0xd, 0x0,
    0x3, 0x40, 0xc, 0x0, 0x3f, 0xf0, 0x2c, 0x80,
    0x3, 0x0, 0x3c, 0xd0, 0x3, 0x0, 0xbc, 0x70,
    0x3, 0x0, 0xdc, 0x38, 0x3, 0xb3, 0x8c, 0x1c,
    0x2f, 0x9f, 0xc, 0x0, 0x34, 0x8, 0xc, 0x0,
    0x0, 0x0, 0xc, 0x0, 0x0, 0x0, 0xc, 0x0,
    0x0, 0x0, 0x1c, 0x0,

    /* U+751F "生" */
    0x0, 0x3, 0x40, 0x0, 0x1c, 0xd, 0x0, 0x0,
    0xb0, 0x34, 0x0, 0x3, 0x80, 0xe0, 0x10, 0x1f,
    0xff, 0xff, 0xd0, 0xe0, 0xd, 0x0, 0x7, 0x0,
    0x34, 0x0, 0x0, 0x40, 0xe0, 0x40, 0x3, 0xff,
    0xff, 0x40, 0x0, 0xd, 0x0, 0x0, 0x0, 0x34,
    0x0, 0x0, 0x0, 0xd0, 0x0, 0x10, 0x3, 0x80,
    0x0, 0xff, 0xff, 0xff, 0xd0,

    /* U+753B "画" */
    0x0, 0x0, 0x0, 0x3, 0xff, 0xff, 0xff, 0x0,
    0x0, 0x0, 0x0, 0xa, 0xaa, 0x80, 0x0, 0xc7,
    0x1c, 0x6, 0xc, 0x30, 0xc7, 0x70, 0xc7, 0x1c,
    0x77, 0xf, 0xff, 0xc7, 0x70, 0xc3, 0xc, 0x77,
    0xc, 0x30, 0xc7, 0x71, 0xff, 0xfc, 0x77, 0x0,
    0x0, 0x7, 0x7a, 0xaa, 0xaa, 0xf0, 0x0, 0x0,
    0x7, 0x0, 0x0, 0x0, 0x70,

    /* U+75C5 "病" */
    0x0, 0x0, 0x0, 0x0, 0x0, 0x0, 0xe0, 0x0,
    0x0, 0x0, 0xf0, 0x0, 0x3, 0xff, 0xff, 0xf8,
    0x63, 0x0, 0x0, 0x0, 0x3b, 0xbf, 0xff, 0xfc,
    0x3, 0x40, 0x34, 0x0, 0x3, 0x0, 0x34, 0x0,
    0xb, 0x3f, 0xff, 0xfc, 0x7b, 0x34, 0x74, 0x1c,
    0x3, 0x30, 0xbd, 0x1c, 0x3, 0x30, 0xd7, 0x5c,
    0xa, 0x37, 0xc2, 0x5c, 0xd, 0x31, 0x0, 0x2c,
    0x1c, 0x30, 0x0, 0xb4, 0x0, 0x0, 0x0, 0x0,

    /* U+7801 "码" */
    0x0, 0x0, 0x0, 0x0, 0x3f, 0xfe, 0xff, 0xe0,
    0x3, 0x40, 0x0, 0xa0, 0x3, 0x0, 0xa0, 0x90,
    0x7, 0x0, 0x90, 0xd0, 0xb, 0xa4, 0xd0, 0xc0,
    0xe, 0x68, 0xc0, 0xc0, 0x2e, 0x24, 0xff, 0xfc,
    0x3a, 0x24, 0x0, 0x1c, 0x1a, 0x24, 0x0, 0x1c,
    0xa, 0x67, 0xff, 0xf8, 0xb, 0xb8, 0x0, 0x28,
    0xa, 0x14, 0x0, 0x34, 0x0, 0x0, 0x3, 0xf0,
    0x0, 0x0, 0x1, 0x40,

    /* U+786E "确" */
    0x0, 0x0, 0x0, 0x0, 0x0, 0x3, 0x80, 0x2,
    0xff, 0x5e, 0xa8, 0x1, 0xd0, 0xd0, 0xe0, 0x7,
    0xa, 0x7, 0x0, 0x28, 0x1b, 0xff, 0xe0, 0xe5,
    0x24, 0xc1, 0xcb, 0xac, 0x93, 0x7, 0x7c, 0x32,
    0xff, 0xfc, 0xb0, 0xcd, 0x30, 0x70, 0xc3, 0x34,
    0xd1, 0xc3, 0x4c, 0xff, 0xff, 0xf, 0xb3, 0xc,
    0x1c, 0x30, 0xac, 0x30, 0x70, 0x80, 0xd0, 0x87,
    0x80, 0x0, 0x0, 0x4,

    /* U+79F0 "称" */
    0x0, 0x0, 0x34, 0x0, 0x5, 0xbc, 0x34, 0x0,
    0x1e, 0xc0, 0x70, 0x0, 0x0, 0xc0, 0xff, 0xfc,
    0x1, 0xc0, 0xc0, 0x28, 0x3f, 0xfe, 0xc7, 0x34,
    0x3, 0xc0, 0x7, 0x0, 0x7, 0xd0, 0x7, 0x0,
    0xa, 0xf4, 0xd7, 0x30, 0xd, 0xd9, 0xc7, 0x38,
    0x28, 0xc3, 0x87, 0x1c, 0x30, 0xc3, 0x7, 0xe,
    0x0, 0xc6, 0x7, 0x4, 0x0, 0xc0, 0x1b, 0x0,
    0x1, 0xc0, 0x3d, 0x0, 0x0, 0x0, 0x0, 0x0,

    /* U+7A7A "空" */
    0x0, 0x0, 0x0, 0x0, 0x0, 0x2c, 0x0, 0x0,
    0x0, 0x70, 0x0, 0x1f, 0xff, 0xff, 0xf4, 0x70,
    0x0, 0x0, 0xd1, 0xc3, 0x40, 0x83, 0x40, 0x7c,
    0x2, 0xe0, 0x1f, 0x40, 0x1, 0xf8, 0x20, 0x0,
    0x0, 0x40, 0x3f, 0xff, 0xfd, 0x0, 0x0, 0xb0,
    0x0, 0x0, 0x1, 0xc0, 0x0, 0x0, 0x7, 0x0,
    0x0, 0x0, 0x1c, 0x0, 0xf, 0xff, 0xff, 0xff,
    0x80, 0x0, 0x0, 0x0,

    /* U+7B49 "等" */
    0x0, 0x0, 0x0, 0x0, 0x7, 0x0, 0x1c, 0x0,
    0xf, 0xff, 0x3f, 0xfd, 0x2c, 0x70, 0xb0, 0xd0,
    0x10, 0x13, 0x80, 0x60, 0x7, 0xff, 0xff, 0xd0,
    0x0, 0x3, 0x80, 0x0, 0x0, 0x3, 0x40, 0x0,
    0xbf, 0xff, 0xff, 0xfd, 0x0, 0x0, 0x7, 0x0,
    0x0, 0x0, 0xb, 0x0, 0xf, 0xff, 0xff, 0xf4,
    0x0, 0xc0, 0x7, 0x0, 0x0, 0xb0, 0x7, 0x0,
    0x0, 0x10, 0x6f, 0x0, 0x0, 0x0, 0x24, 0x0,

    /* U+7C73 "米" */
    0x0, 0x1, 0xc0, 0x0, 0x3, 0x41, 0xc0, 0xe0,
    0x2, 0xc1, 0xc1, 0xc0, 0x0, 0xe1, 0xc3, 0x40,
    0x0, 0x41, 0xc2, 0x0, 0x0, 0x1, 0xc0, 0x0,
    0x3f, 0xff, 0xff, 0xfd, 0x0, 0xe, 0xf4, 0x0,
    0x0, 0x1d, 0xdc, 0x0, 0x0, 0x35, 0xcb, 0x0,
    0x0, 0xf1, 0xc3, 0xd0, 0x7, 0xc1, 0xc0, 0xbd,
    0x2e, 0x1, 0xc0, 0x1c, 0x4, 0x1, 0xc0, 0x0,
    0x0, 0x1, 0xc0, 0x0,

    /* U+7CFB "系" */
    0x0, 0x0, 0x16, 0xe0, 0xf, 0xff, 0xe9, 0x50,
    0x0, 0x7, 0x40, 0x0, 0x0, 0x1d, 0x7, 0x40,
    0x1, 0xb4, 0x2d, 0x0, 0x2, 0xff, 0xe0, 0x0,
    0x0, 0xb, 0x3, 0x40, 0x1, 0xb4, 0x1, 0xe0,
    0xb, 0xff, 0xff, 0xf8, 0x0, 0x0, 0xc0, 0x14,
    0x1, 0xc0, 0xc3, 0x40, 0x3, 0x80, 0xc1, 0xe0,
    0x1d, 0x0, 0xc0, 0x78, 0x14, 0xf, 0xc0, 0x0,
    0x0, 0x5, 0x0, 0x0,

    /* U+7EB9 "纹" */
    0x0, 0x0, 0x0, 0x0, 0x2, 0x80, 0x1c, 0x0,
    0x3, 0x40, 0xd, 0x0, 0x7, 0x0, 0x4, 0x0,
    0xd, 0x2b, 0xff, 0xfc, 0x28, 0x72, 0x80, 0xc0,
    0x3f, 0xd1, 0xc1, 0xc0, 0x2, 0xc0, 0xc1, 0xc0,
    0x7, 0x0, 0xc2, 0x80, 0x1f, 0xb4, 0xa3, 0x40,
    0x1e, 0x40, 0x7b, 0x0, 0x0, 0x0, 0x2d, 0x0,
    0x1a, 0xf4, 0x7f, 0x0, 0x29, 0x42, 0xd2, 0xe0,
    0x0, 0x2f, 0x0, 0x7c, 0x0, 0x4, 0x0, 0x0,

    /* U+7EDF "统" */
    0x0, 0x0, 0x0, 0x0, 0x2, 0x40, 0x2c, 0x0,
    0x3, 0x0, 0x8, 0x0, 0xa, 0xf, 0xff, 0xfc,
    0xc, 0x70, 0x34, 0x0, 0x39, 0xf0, 0x70, 0x0,
    0x3f, 0xc0, 0xd0, 0xd0, 0x3, 0x43, 0x80, 0xb0,
    0x7, 0x7, 0xff, 0xf8, 0x1e, 0x61, 0xa3, 0x0,
    0x2e, 0x90, 0xa3, 0x0, 0x0, 0x0, 0x93, 0x0,
    0x5, 0xb4, 0xc3, 0x4, 0x3e, 0x43, 0x83, 0x4c,
    0x0, 0xe, 0x3, 0xf8, 0x0, 0x0, 0x0, 0x0,

    /* U+7F6E "置" */
    0x3f, 0xff, 0xff, 0xc0, 0xd1, 0x83, 0x7, 0x2,
    0xff, 0xff, 0xf8, 0x5, 0x57, 0xd5, 0x50, 0x65,
    0x5e, 0x55, 0x80, 0x1a, 0xbe, 0xa4, 0x0, 0xa0,
    0x0, 0x90, 0x1, 0xff, 0xff, 0x40, 0x6, 0x0,
    0x9, 0x0, 0x1f, 0xff, 0xf4, 0x0, 0x65, 0x55,
    0xd0, 0x1, 0x95, 0x57, 0x40, 0xff, 0xff, 0xff,
    0xf0,

    /* U+81EA "自" */
    0x0, 0x0, 0x0, 0x0, 0xa0, 0x0, 0x0, 0xd0,
    0x0, 0x3f, 0xff, 0xfc, 0x75, 0x55, 0x5d, 0x70,
    0x0, 0xd, 0x70, 0x0, 0xd, 0x7f, 0xff, 0xfd,
    0x70, 0x0, 0xd, 0x70, 0x0, 0xd, 0x7f, 0xff,
    0xfd, 0x70, 0x0, 0xd, 0x70, 0x0, 0xd, 0x7f,
    0xff, 0xfd, 0x70, 0x0, 0xd,

    /* U+8349 "草" */
    0x0, 0x30, 0x1c, 0x0, 0x0, 0x30, 0x1c, 0x0,
    0x3f, 0xff, 0xff, 0xfc, 0x0, 0x30, 0x1c, 0x0,
    0x3, 0xff, 0xff, 0xc0, 0x3, 0x0, 0x0, 0xc0,
    0x3, 0x40, 0x1, 0xc0, 0x3, 0xff, 0xff, 0xc0,
    0x3, 0x0, 0x0, 0xc0, 0x3, 0xff, 0xff, 0xc0,
    0x0, 0x3, 0x40, 0x0, 0x7f, 0xff, 0xff, 0xfc,
    0x0, 0x3, 0x40, 0x0, 0x0, 0x3, 0x40, 0x0,
    0x0, 0x3, 0x40, 0x0,

    /* U+836F "药" */
    0x0, 0x34, 0x1c, 0x0, 0x0, 0x38, 0x1c, 0x0,
    0x7f, 0xff, 0xff, 0xfd, 0x0, 0x34, 0x1c, 0x0,
    0x1, 0x90, 0x28, 0x0, 0x3, 0x40, 0x39, 0x50,
    0xa, 0x2c, 0xba, 0xb4, 0x2f, 0xf1, 0xc0, 0x34,
    0x0, 0xc2, 0x50, 0x30, 0x3, 0x94, 0x2c, 0x30,
    0xf, 0xe8, 0xd, 0x30, 0x0, 0x0, 0x0, 0x30,
    0x6, 0xbd, 0x0, 0x70, 0xe, 0x40, 0x3, 0xe0,
    0x0, 0x0, 0x0, 0x0,

    /* U+83CC "菌" */
    0x0, 0x34, 0x1c, 0x0, 0x3f, 0xff, 0xff, 0xfc,
    0x0, 0x34, 0x1c, 0x0, 0x0, 0x10, 0x4, 0x0,
    0xf, 0xff, 0xff, 0xf0, 0xc, 0x0, 0x14, 0x30,
    0xc, 0x7f, 0xe9, 0x30, 0xc, 0x1, 0xc0, 0x30,
    0xc, 0xff, 0xff, 0x30, 0xc, 0xb, 0xd8, 0x30,
    0xc, 0x3d, 0xce, 0x30, 0xc, 0xe1, 0xc1, 0x30,
    0xc, 0x41, 0x80, 0x30, 0xf, 0xff, 0xff, 0xf0,

    /* U+866B "虫" */
    0x0, 0x3, 0x40, 0x0, 0x0, 0x3, 0x40, 0x0,
    0x0, 0x3, 0x40, 0x0, 0xf, 0xff, 0xff, 0xd0,
    0xd, 0x3, 0x40, 0xd0, 0xd, 0x3, 0x40, 0xd0,
    0xd, 0x3, 0x40, 0xd0, 0xd, 0x3, 0x40, 0xd0,
    0xf, 0xff, 0xff, 0xd0, 0x9, 0x3, 0x40, 0x40,
    0x0, 0x3, 0x41, 0xc0, 0x0, 0x3, 0x40, 0xe0,
    0x5, 0x57, 0xef, 0xf4, 0x3f, 0xa9, 0x50, 0x2c,
    0x0, 0x0, 0x0, 0x0,

    /* U+869C "蚜" */
    0x3, 0x40, 0x0, 0x0, 0x3, 0x41, 0xff, 0xfc,
    0x3f, 0xfc, 0x20, 0xc0, 0x37, 0x5c, 0x70, 0xc0,
    0x33, 0x4c, 0xa0, 0xc0, 0x33, 0x4c, 0xd0, 0xc0,
    0x33, 0x4c, 0xff, 0xfd, 0x3f, 0xfc, 0xb, 0xc0,
    0x33, 0x44, 0xd, 0xc0, 0x3, 0x5c, 0x28, 0xc0,
    0x3, 0xbc, 0x30, 0xc0, 0x2f, 0x89, 0xd0, 0xc0,
    0x34, 0x7, 0x80, 0xc0, 0x0, 0x6, 0xb, 0xc0,
    0x0, 0x0, 0x0, 0x0,

    /* U+86FE "蛾" */
    0x0, 0x0, 0x0, 0x0, 0x3, 0x0, 0x3, 0x0,
    0x3, 0x0, 0x73, 0x10, 0x3, 0x7, 0xd3, 0x38,
    0x3f, 0xf0, 0xc3, 0x18, 0x33, 0x34, 0xd3, 0x40,
    0x33, 0x3b, 0xff, 0xfc, 0x33, 0x30, 0xc3, 0x0,
    0x3f, 0xf0, 0xd6, 0x74, 0x37, 0x31, 0xf6, 0xb0,
    0x13, 0xf, 0xc1, 0xd0, 0x3, 0x30, 0xc1, 0xc0,
    0x3, 0x70, 0xc3, 0xc0, 0x2f, 0xf4, 0xdd, 0xad,
    0x24, 0x7, 0xc4, 0x3c, 0x0, 0x2, 0x0, 0x4,

    /* U+8815 "蠕" */
    0x3, 0x0, 0x0, 0x0, 0x3, 0x3, 0xff, 0xf4,
    0x17, 0x40, 0xc, 0x0, 0x3b, 0xbb, 0xae, 0xad,
    0x33, 0x3b, 0x59, 0x99, 0x33, 0x30, 0x8, 0x0,
    0x33, 0x30, 0x94, 0xa0, 0x3f, 0xf2, 0xaa, 0xa8,
    0x33, 0x21, 0x5d, 0x54, 0x13, 0x12, 0xae, 0xa8,
    0x3, 0x33, 0x67, 0x1c, 0x1b, 0xf7, 0x23, 0xc,
    0x24, 0x13, 0x23, 0xc, 0x0, 0x3, 0x0, 0x7c,
    0x0, 0x3, 0x0, 0x38, 0x0, 0x0, 0x0, 0x0,

    /* U+89C8 "览" */
    0x0, 0x0, 0x0, 0x0, 0x0, 0x34, 0x70, 0x0,
    0xd, 0x34, 0xb0, 0x0, 0xc, 0x34, 0xff, 0xfc,
    0xc, 0x34, 0xc0, 0x0, 0xc, 0x36, 0x8b, 0x40,
    0xd, 0x20, 0x1, 0xc0, 0x0, 0x0, 0x0, 0x0,
    0x2, 0xff, 0xff, 0x40, 0x2, 0x80, 0x3, 0x0,
    0x2, 0x87, 0x3, 0x0, 0x2, 0x8d, 0xd3, 0x0,
    0x2, 0x5c, 0xd1, 0x0, 0x1, 0xb0, 0xd0, 0xd,
    0x3f, 0x80, 0xbf, 0xf8, 0x0, 0x0, 0x0, 0x0,

    /* U+8B66 "警" */
    0x0, 0x0, 0x0, 0x0, 0x2, 0x4c, 0xd, 0x0,
    0x2f, 0xff, 0xde, 0xa9, 0x3, 0x48, 0x74, 0x70,
    0xb, 0xff, 0x9c, 0xa0, 0x3e, 0xa1, 0x8a, 0xc0,
    0x1d, 0x37, 0x47, 0xe4, 0xf, 0xf6, 0x7d, 0x6c,
    0x25, 0x57, 0xe5, 0x59, 0x15, 0x55, 0x55, 0x54,
    0x2, 0xff, 0xff, 0x80, 0x1, 0xaa, 0xaa, 0x40,
    0x1, 0x55, 0x55, 0x40, 0x3, 0xaa, 0xaa, 0xc0,
    0x3, 0xff, 0xff, 0xc0, 0x3, 0x0, 0x0, 0xc0,

    /* U+8BA4 "认" */
    0x0, 0x0, 0x0, 0x0, 0x2, 0x0, 0x38, 0x0,
    0x3, 0xc0, 0x38, 0x0, 0x0, 0xd0, 0x38, 0x0,
    0x0, 0x0, 0x38, 0x0, 0x0, 0x0, 0x38, 0x0,
    0x3f, 0x0, 0x38, 0x0, 0x3, 0x0, 0x3c, 0x0,
    0x3, 0x0, 0x7c, 0x0, 0x3, 0x0, 0xaa, 0x0,
    0x3, 0x28, 0xd7, 0x0, 0x3, 0xb2, 0xc3, 0x40,
    0x3, 0xc7, 0x41, 0xc0, 0x7, 0x5e, 0x0, 0xf0,
    0x0, 0x38, 0x0, 0x3c, 0x0, 0x10, 0x0, 0x0,

    /* U+8BBE "设" */
    0x4, 0x0, 0x0, 0x0, 0xe, 0x3, 0xff, 0x0,
    0x3, 0x83, 0x3, 0x0, 0x0, 0x43, 0x3, 0x0,
    0x0, 0xb, 0x3, 0x0, 0x7f, 0x1d, 0x3, 0xfc,
    0x7, 0x14, 0x0, 0x54, 0x3, 0x1f, 0xff, 0xd0,
    0x3, 0x3, 0x1, 0xc0, 0x3, 0x2, 0x83, 0x40,
    0x3, 0x20, 0xcb, 0x0, 0x3, 0xf0, 0x7c, 0x0,
    0x7, 0x80, 0xbe, 0x0, 0x7, 0x1b, 0x82, 0xf8,
    0x0, 0x24, 0x0, 0x18,

    /* U+8BED "语" */
    0x0, 0x0, 0x0, 0x0, 0xd, 0x1f, 0xff, 0xf8,
    0x3, 0x0, 0x30, 0x0, 0x0, 0xf, 0xff, 0xe0,
    0x0, 0x0, 0xa0, 0xa0, 0x7f, 0x0, 0xd0, 0xe0,
    0x3, 0x15, 0xd5, 0xe4, 0x3, 0x2a, 0xaa, 0xa8,
    0x3, 0x0, 0x0, 0x0, 0x3, 0x7, 0xff, 0xf0,
    0x3, 0xa7, 0x0, 0x70, 0x3, 0xc7, 0x0, 0x70,
    0x7, 0x47, 0x0, 0x70, 0xa, 0x7, 0xff, 0xf0,
    0x0, 0x7, 0x0, 0x70, 0x0, 0x0, 0x0, 0x0,

    /* U+8C03 "调" */
    0x0, 0x0, 0x0, 0x0, 0x2c, 0x1f, 0xff, 0xf0,
    0x38, 0x30, 0x80, 0xc0, 0x0, 0xc3, 0x43, 0x0,
    0x3, 0x7f, 0x8c, 0xfc, 0xc, 0x30, 0x30, 0x30,
    0x36, 0xfd, 0xc0, 0xc0, 0xc0, 0x3, 0x3, 0x7,
    0x7f, 0x8c, 0xd, 0xdd, 0x87, 0x30, 0x3e, 0xa6,
    0x1c, 0xc0, 0xe3, 0x5f, 0xe3, 0x2, 0x1c, 0x0,
    0x1c, 0x0, 0xe0, 0x3, 0xe0, 0x1, 0x0, 0x5,
    0x0,

    /* U+8D25 "败" */
    0x0, 0x0, 0x0, 0x0, 0x0, 0x0, 0x9, 0x0,
    0xf, 0xfe, 0xd, 0x0, 0xc, 0x7, 0xc, 0x0,
    0xc, 0x43, 0x2f, 0xfd, 0xc, 0xd3, 0x34, 0x30,
    0xc, 0xc3, 0x74, 0x70, 0xc, 0xc3, 0xb4, 0x60,
    0xc, 0xc3, 0x18, 0xa0, 0xc, 0xc3, 0xc, 0x90,
    0xc, 0xc3, 0x9, 0xc0, 0x1, 0x90, 0x7, 0x80,
    0x3, 0x2c, 0x7, 0x80, 0xe, 0xb, 0x1d, 0xe0,
    0x38, 0x1, 0xf0, 0x3c, 0x0, 0x0, 0x40, 0x4,

    /* U+8D2A "贪" */
    0x0, 0x0, 0x0, 0x0, 0x0, 0x7, 0x80, 0x0,
    0x0, 0xe, 0xd0, 0x0, 0x0, 0x38, 0x38, 0x0,
    0x1, 0xe7, 0xf, 0x40, 0x2f, 0x82, 0x42, 0xfc,
    0x35, 0xff, 0xfd, 0x4, 0x0, 0x0, 0x38, 0x0,
    0x3, 0xff, 0xff, 0xc0, 0x3, 0x80, 0x2, 0xc0,
    0x3, 0x43, 0x41, 0xc0, 0x3, 0x43, 0x41, 0xc0,
    0x2, 0xb, 0x28, 0x40, 0x0, 0x7c, 0xb, 0x80,
    0xf, 0xd0, 0x1, 0xe0, 0x4, 0x0, 0x0, 0x0,

    /* U+8DDF "跟" */
    0xf, 0xfe, 0xff, 0xf0, 0xc, 0xd, 0x80, 0x30,
    0xc, 0xd, 0xff, 0xf0, 0xe, 0xad, 0x80, 0x30,
    0xa, 0xe5, 0x80, 0x30, 0x0, 0xd1, 0xff, 0xf0,
    0xc, 0xd1, 0x8c, 0x0, 0xc, 0xf9, 0x89, 0x38,
    0xc, 0xd1, 0x86, 0xe0, 0xc, 0xd1, 0x83, 0x80,
    0xc, 0xd5, 0x82, 0xc0, 0x1e, 0xe5, 0xb8, 0xf0,
    0x39, 0x2, 0xe0, 0x2d, 0x0, 0x1, 0x40, 0x4,

    /* U+8F66 "车" */
    0x0, 0x0, 0x0, 0x0, 0x0, 0x7, 0x0, 0x0,
    0x0, 0xe, 0x0, 0x0, 0x1f, 0xff, 0xff, 0xf0,
    0x0, 0x38, 0x0, 0x0, 0x0, 0x70, 0x80, 0x0,
    0x0, 0xd0, 0xc0, 0x0, 0x7, 0x81, 0xd0, 0x40,
    0x7, 0xff, 0xff, 0xe0, 0x0, 0x0, 0xc0, 0x0,
    0x0, 0x0, 0xc0, 0x0, 0x3f, 0xff, 0xff, 0xfc,
    0x14, 0x1, 0xd0, 0x14, 0x0, 0x0, 0xc0, 0x0,
    0x0, 0x0, 0xc0, 0x0, 0x0, 0x0, 0xc0, 0x0,

    /* U+8FCE "迎" */
    0x8, 0x1, 0xc0, 0x0, 0xd, 0x1e, 0x5f, 0xf4,
    0xe, 0x1c, 0xc, 0x34, 0x0, 0x1c, 0xc, 0x34,
    0x0, 0x1c, 0xc, 0x34, 0x3f, 0x1c, 0xc, 0x34,
    0x7, 0x1c, 0xc, 0x34, 0x7, 0x1c, 0xc, 0x34,
    0x7, 0x1d, 0xcc, 0x70, 0x7, 0x2f, 0x4c, 0xf0,
    0x7, 0x4, 0xc, 0x0, 0x7, 0x0, 0xc, 0x0,
    0xd, 0xf9, 0x59, 0x54, 0x34, 0x6, 0xff, 0xfc,
    0x0, 0x0, 0x0, 0x0,

    /* U+8FDB "进" */
    0x4, 0x1, 0xc3, 0x40, 0xe, 0x0, 0xc3, 0x0,
    0x7, 0x1, 0xc3, 0x40, 0x2, 0x2f, 0xff, 0xfc,
    0x0, 0x1, 0xc3, 0x0, 0x2a, 0x1, 0xc3, 0x0,
    0x2b, 0x12, 0xc3, 0x44, 0x7, 0x3f, 0xff, 0xfc,
    0x7, 0x2, 0x83, 0x0, 0x7, 0x3, 0x43, 0x0,
    0x7, 0x7, 0x3, 0x0, 0x7, 0x1d, 0x3, 0x40,
    0x2e, 0xfd, 0x43, 0x44, 0x20, 0x6, 0xff, 0xfc,
    0x0, 0x0, 0x0, 0x0,

    /* U+8FDE "连" */
    0x0, 0x0, 0x60, 0x0, 0x1c, 0x0, 0xa0, 0x0,
    0xe, 0x3f, 0xff, 0xf8, 0x3, 0x3, 0x84, 0x0,
    0x0, 0x3, 0xc, 0x0, 0x0, 0xe, 0x1c, 0x0,
    0x3f, 0x1f, 0xff, 0xf0, 0x7, 0x0, 0xc, 0x0,
    0x7, 0x0, 0xc, 0x0, 0x7, 0x3f, 0xff, 0xfc,
    0x7, 0x0, 0xc, 0x0, 0x7, 0x0, 0xc, 0x0,
    0x1d, 0xa5, 0x1c, 0x0, 0x20, 0x1a, 0xff, 0xfd,

    /* U+9009 "选" */
    0x0, 0x5, 0x2c, 0x0, 0xe, 0xa, 0x2c, 0x0,
    0x7, 0xf, 0xff, 0xe0, 0x3, 0x1c, 0x2c, 0x0,
    0x0, 0x14, 0x2c, 0x0, 0x0, 0x15, 0x7d, 0x54,
    0x3f, 0x2a, 0xeb, 0xa8, 0x3, 0x0, 0xc7, 0x0,
    0x3, 0x0, 0xc7, 0x0, 0x3, 0x2, 0x87, 0x14,
    0x3, 0x7, 0x7, 0x6c, 0x3, 0xd, 0x3, 0xf8,
    0xe, 0xa9, 0x0, 0x4, 0x24, 0x6, 0xff, 0xfc,
    0x0, 0x0, 0x0, 0x0,

    /* U+901F "速" */
    0x0, 0x0, 0x1c, 0x0, 0xd, 0x15, 0x5d, 0x54,
    0xb, 0x2a, 0xbe, 0xa8, 0x7, 0x0, 0x1c, 0x0,
    0x0, 0xf, 0xff, 0xf4, 0x0, 0xc, 0x1c, 0x34,
    0x3f, 0xc, 0x1c, 0x34, 0x7, 0xa, 0xfe, 0xa0,
    0x7, 0x0, 0xfe, 0x0, 0x7, 0x2, 0xdd, 0xd0,
    0x7, 0xf, 0x1c, 0x74, 0x7, 0x2c, 0x1c, 0x14,
    0xa, 0xe5, 0x5d, 0x54, 0x34, 0x1b, 0xff, 0xfc,
    0x0, 0x0, 0x0, 0x0,

    /* U+907F "避" */
    0x0, 0x0, 0x3, 0x0, 0x34, 0xff, 0x43, 0x40,
    0x1c, 0x93, 0x7f, 0xf4, 0x8, 0x93, 0x48, 0x60,
    0x0, 0xbf, 0x4d, 0xa0, 0x68, 0xd0, 0x19, 0xe4,
    0x6c, 0xd0, 0x3f, 0xf8, 0xc, 0xff, 0x43, 0x40,
    0xd, 0xf2, 0x43, 0x40, 0xe, 0xb2, 0x7f, 0xf4,
    0xf, 0x32, 0x43, 0x40, 0xd, 0x3f, 0x43, 0x40,
    0x2a, 0xd4, 0x2, 0x40, 0x70, 0x2f, 0xff, 0xfc,
    0x0, 0x0, 0x0, 0x0,

    /* U+914D "配" */
    0x0, 0x0, 0x0, 0x0, 0x7f, 0xff, 0x7f, 0xf4,
    0x3, 0x30, 0x0, 0x34, 0x2f, 0xff, 0x0, 0x34,
    0x37, 0x33, 0x0, 0x34, 0x33, 0x33, 0x0, 0x34,
    0x37, 0x33, 0x3f, 0xf4, 0x3b, 0x3b, 0x34, 0x0,
    0x39, 0x7, 0x34, 0x0, 0x30, 0x3, 0x34, 0x0,
    0x3f, 0xff, 0x34, 0x0, 0x30, 0x3, 0x34, 0x4,
    0x3f, 0xff, 0x34, 0x1c, 0x30, 0x3, 0x2f, 0xf8,
    0x0, 0x0, 0x0, 0x0,

    /* U+91CF "量" */
    0x3, 0xff, 0xff, 0xc0, 0xf, 0xff, 0xff, 0x0,
    0x35, 0x55, 0x5c, 0x0, 0x55, 0x55, 0x50, 0x3f,
    0xff, 0xff, 0xfc, 0x5, 0x55, 0x55, 0x0, 0x39,
    0x7d, 0x6c, 0x0, 0xff, 0xff, 0xf0, 0x3, 0x56,
    0x95, 0xc0, 0x5, 0x5f, 0x55, 0x0, 0x7f, 0xff,
    0xfd, 0x0, 0x0, 0xa0, 0x0, 0x2f, 0xff, 0xff,
    0xf8,

    /* U+949F "钟" */
    0x3, 0x40, 0xd, 0x0, 0x1c, 0x0, 0x34, 0x0,
    0xf1, 0x0, 0xd0, 0xb, 0xfc, 0x57, 0x94, 0x74,
    0x3, 0x5e, 0x74, 0x7f, 0xcc, 0x34, 0xd0, 0x34,
    0x30, 0xd3, 0x40, 0xd0, 0xc3, 0x4d, 0x2f, 0xf7,
    0x4d, 0x34, 0xd, 0xf, 0xff, 0xd0, 0x34, 0x20,
    0xd2, 0x0, 0xdc, 0x3, 0x40, 0x3, 0xe0, 0xd,
    0x0, 0x1e, 0x0, 0x34, 0x0, 0x10, 0x0, 0xd0,
    0x0,

    /* U+9508 "锈" */
    0x0, 0x0, 0x0, 0x0, 0x2, 0x0, 0x6, 0xe0,
    0x7, 0x3, 0xfe, 0x50, 0xe, 0x10, 0xc, 0x0,
    0x1e, 0xb2, 0xae, 0xa4, 0x34, 0x1, 0xaf, 0x94,
    0x2f, 0xf0, 0xcd, 0xc0, 0x3, 0x7, 0x4c, 0xb8,
    0x3, 0xd, 0x4, 0x1c, 0x2f, 0xf1, 0xff, 0x80,
    0x7, 0x50, 0x72, 0x80, 0x3, 0x0, 0x62, 0xf4,
    0x3, 0x20, 0xd0, 0x34, 0x3, 0xe1, 0xc0, 0x30,
    0x7, 0x4b, 0x41, 0xb0, 0x0, 0x9, 0x2, 0x90,

    /* U+95ED "闭" */
    0x9, 0x0, 0x0, 0x0, 0xb0, 0xff, 0xff, 0x1,
    0x0, 0x40, 0x77, 0x0, 0xc, 0x7, 0x70, 0x0,
    0xc0, 0x77, 0x3f, 0xff, 0xd7, 0x70, 0x7, 0xc0,
    0x77, 0x0, 0xec, 0x7, 0x70, 0x2c, 0xc0, 0x77,
    0xb, 0xc, 0x7, 0x77, 0xc0, 0xc0, 0x77, 0x20,
    0x1c, 0x7, 0x70, 0xf, 0x81, 0xb7, 0x0, 0x0,
    0x3d, 0x0, 0x0, 0x0, 0x0,

    /* U+95F4 "间" */
    0x0, 0x0, 0x0, 0x0, 0xd0, 0x0, 0x0, 0x7,
    0x1f, 0xff, 0xd1, 0x10, 0x0, 0xd, 0x70, 0x0,
    0x0, 0xd7, 0xf, 0xff, 0x4d, 0x70, 0xd0, 0x30,
    0xd7, 0xc, 0x3, 0xd, 0x70, 0xff, 0xf0, 0xd7,
    0xd, 0x3, 0xd, 0x70, 0xc0, 0x30, 0xd7, 0xf,
    0xff, 0x4d, 0x70, 0x0, 0x0, 0xd7, 0x0, 0x0,
    0x1d, 0x70, 0x0, 0x7, 0xc0, 0x0, 0x0, 0x0,

    /* U+9608 "阈" */
    0xc, 0x0, 0x0, 0x0, 0xe3, 0xff, 0xff, 0x1,
    0x1, 0x98, 0x37, 0x0, 0x18, 0x43, 0x77, 0xff,
    0xfe, 0x37, 0x0, 0x18, 0x3, 0x73, 0xfd, 0xdc,
    0x37, 0x30, 0xcd, 0x83, 0x73, 0xc, 0xf4, 0x37,
    0x3f, 0xcb, 0x3, 0x70, 0x14, 0xf1, 0x37, 0xbe,
    0x6e, 0xf3, 0x70, 0x3, 0x9, 0x77, 0x0, 0x0,
    0x3d, 0x0, 0x0, 0x0, 0x0,

    /* U+9634 "阴" */
    0xff, 0xe3, 0xff, 0xcd, 0xd, 0x34, 0xc, 0xd1,
    0xc3, 0x40, 0xcd, 0x28, 0x35, 0x5c, 0xd3, 0x3,
    0xff, 0xcd, 0x30, 0x30, 0xc, 0xd1, 0xc3, 0x0,
    0xcd, 0xc, 0x3f, 0xfc, 0xd0, 0xd7, 0x0, 0xcd,
    0x6d, 0xa0, 0xc, 0xd7, 0x8d, 0x0, 0xcd, 0x2,
    0xc0, 0xc, 0xd0, 0xb4, 0x5, 0xc0, 0x2, 0x0,
    0xb8,

    /* U+9635 "阵" */
    0x0, 0x0, 0xd0, 0x3, 0xfd, 0x7, 0x0, 0xd,
    0x33, 0xff, 0xfe, 0x35, 0x85, 0xd0, 0x0, 0xd9,
    0x6, 0x0, 0x3, 0x70, 0x30, 0xc0, 0xd, 0xa2,
    0xc3, 0x40, 0x34, 0xcf, 0xff, 0xf4, 0xd2, 0x80,
    0x30, 0x3, 0x5e, 0x0, 0xc0, 0xd, 0xe7, 0xff,
    0xff, 0x34, 0x0, 0xd, 0x0, 0xd0, 0x0, 0x30,
    0x3, 0x40, 0x0, 0xc0, 0x0, 0x0, 0x3, 0x40,
    0x0,

    /* U+968F "随" */
    0x0, 0x0, 0x18, 0x3, 0xfe, 0x0, 0xd0, 0xc,
    0x33, 0x6f, 0xff, 0x31, 0xca, 0x34, 0x0, 0xcd,
    0x18, 0xc0, 0x3, 0x70, 0xf, 0xeb, 0x4d, 0xd7,
    0xcc, 0xd, 0x31, 0xc7, 0x3f, 0xf4, 0xc3, 0x4c,
    0xc0, 0xd3, 0xd, 0x33, 0xff, 0x4d, 0xf0, 0xcc,
    0xd, 0x31, 0x3, 0x30, 0xf0, 0xc0, 0x2e, 0x91,
    0x3, 0x3, 0x82, 0xbf, 0xcc, 0x0, 0x0, 0x0,
    0x0,

    /* U+9694 "隔" */
    0x0, 0x0, 0x0, 0x3, 0xfe, 0xbf, 0xff, 0xcd,
    0x30, 0x0, 0x0, 0x35, 0xc3, 0xff, 0xf0, 0xda,
    0xd, 0x1, 0xc3, 0x74, 0x3f, 0xff, 0xd, 0x70,
    0x0, 0x0, 0x34, 0xdf, 0xff, 0xfc, 0xd2, 0xb5,
    0x49, 0x33, 0x5e, 0xd3, 0x34, 0xcd, 0xe3, 0x7f,
    0xf7, 0x34, 0xd, 0x1c, 0xc, 0xd0, 0x34, 0x30,
    0x73, 0x40, 0xd0, 0x47, 0x40,

    /* U+969C "障" */
    0x0, 0x0, 0x0, 0x0, 0x0, 0x1, 0xc0, 0xa,
    0xa8, 0x2, 0x0, 0x34, 0xd3, 0xab, 0xe8, 0xd3,
    0x3, 0x47, 0x3, 0x68, 0xff, 0xff, 0xed, 0xd0,
    0x0, 0x0, 0x36, 0xc3, 0xff, 0xf0, 0xd3, 0x4d,
    0x55, 0xc3, 0x46, 0x3a, 0xab, 0xd, 0x6c, 0xea,
    0xac, 0x37, 0xd0, 0x1d, 0x0, 0xd0, 0x0, 0x30,
    0x3, 0x41, 0xea, 0xea, 0xdd, 0x0, 0x3, 0x0,
    0x0, 0x0, 0xc, 0x0,

    /* U+96E8 "雨" */
    0x0, 0x0, 0x0, 0x3, 0xff, 0xff, 0xff, 0xc0,
    0x0, 0x70, 0x0, 0x0, 0x1, 0xc0, 0x0, 0x3f,
    0xff, 0xff, 0xd0, 0xd0, 0x1c, 0x3, 0x43, 0x5c,
    0x73, 0x4d, 0xd, 0x29, 0xc7, 0x34, 0x34, 0x7,
    0x0, 0xd0, 0xd9, 0x1c, 0x83, 0x43, 0x4d, 0x72,
    0xcd, 0xd, 0x1, 0xc0, 0x34, 0x34, 0x7, 0x1,
    0xd0, 0xc0, 0x1c, 0xf, 0x0,

    /* U+96EA "雪" */
    0x0, 0x0, 0x0, 0x3, 0xff, 0xff, 0xf4, 0x0,
    0xd, 0x0, 0xf, 0xaa, 0xfa, 0xaf, 0xd1, 0x4d,
    0x14, 0x34, 0x54, 0xd5, 0x41, 0xb, 0xdd, 0xbd,
    0x0, 0x0, 0x0, 0x0, 0x10, 0x0, 0x0, 0x2,
    0xaa, 0xaa, 0xb8, 0x0, 0x0, 0x3, 0x80, 0xff,
    0xff, 0xf8, 0x0, 0x0, 0x3, 0x83, 0xff, 0xff,
    0xf8, 0x0, 0x0, 0x3, 0x80,

    /* U+96F7 "雷" */
    0x0, 0x0, 0x0, 0x0, 0x3f, 0xff, 0xff, 0x83,
    0xff, 0xff, 0xff, 0x8d, 0x0, 0xd0, 0xb, 0x36,
    0xf3, 0x4f, 0x9c, 0x0, 0xd, 0x0, 0x0, 0x2f,
    0x34, 0xfc, 0x0, 0x0, 0x0, 0x0, 0x7, 0xff,
    0xff, 0xd0, 0x1c, 0xd, 0x2, 0x40, 0x7f, 0xff,
    0xfd, 0x1, 0xc0, 0xd0, 0x24, 0x7, 0x3, 0x40,
    0x90, 0x1f, 0xff, 0xff, 0x40, 0x70, 0x0, 0x9,
    0x0, 0x0, 0x0, 0x0,

    /* U+96FE "雾" */
    0xa, 0xaa, 0xaa, 0x90, 0x15, 0x5d, 0x55, 0x3,
    0xff, 0xff, 0xff, 0x4d, 0x54, 0xc5, 0x49, 0x11,
    0x53, 0x15, 0x10, 0xf, 0xcc, 0xbe, 0x0, 0xb,
    0x0, 0x0, 0x0, 0xbf, 0xff, 0xc0, 0xd, 0x28,
    0x78, 0x0, 0x0, 0x7f, 0xd0, 0x2, 0xe9, 0x51,
    0xbf, 0x1, 0xff, 0xff, 0xe0, 0x0, 0x2c, 0x2,
    0x40, 0x2f, 0x80, 0xbc, 0x0, 0x50, 0x0, 0x40,
    0x0,

    /* U+9709 "霉" */
    0x0, 0x0, 0x0, 0x0, 0xf, 0xff, 0xff, 0xc0,
    0x3f, 0xff, 0xff, 0xf0, 0x35, 0x53, 0x15, 0x30,
    0x11, 0x53, 0x15, 0x10, 0x2, 0xf3, 0x2f, 0x0,
    0x1, 0xd5, 0x55, 0x40, 0xb, 0xaa, 0xaa, 0x90,
    0x1f, 0xff, 0xff, 0x80, 0x3, 0x43, 0x42, 0x80,
    0x3f, 0xff, 0xff, 0xfc, 0x3, 0x3, 0x42, 0x80,
    0x7, 0xff, 0xff, 0xf0, 0x0, 0x0, 0x7, 0x0,
    0x0, 0x0, 0xe, 0x0,

    /* U+973E "霾" */
    0xf, 0xff, 0xff, 0xc0, 0x0, 0xd, 0x0, 0x3,
    0xaa, 0xba, 0xab, 0xc, 0xa8, 0xca, 0x8c, 0x21,
    0x53, 0x5, 0x20, 0x6, 0x44, 0x54, 0x0, 0x69,
    0x2f, 0xfe, 0xa, 0x25, 0x97, 0x68, 0x7, 0xe2,
    0x9d, 0xa0, 0xf6, 0xcf, 0xff, 0x80, 0x7b, 0x40,
    0xc0, 0xa, 0x6d, 0xbf, 0xf8, 0x7, 0x58, 0xc,
    0x0, 0x62, 0xef, 0xff, 0xd0, 0x4, 0x0, 0x0,
    0x0,

    /* U+9759 "静" */
    0x0, 0x0, 0x0, 0x0, 0x3, 0x40, 0x30, 0x0,
    0x3, 0x40, 0xb0, 0x0, 0x6b, 0xec, 0xff, 0xc0,
    0x17, 0x55, 0xc3, 0x40, 0x2b, 0xab, 0x5b, 0x0,
    0x57, 0x95, 0xae, 0xb0, 0x55, 0x54, 0xc, 0x30,
    0x3f, 0xfa, 0xff, 0xfd, 0x30, 0x1c, 0xc, 0x30,
    0x3f, 0xfc, 0x5d, 0x70, 0x30, 0x1c, 0xae, 0xb0,
    0x3f, 0xfc, 0xc, 0x0, 0x30, 0x1c, 0xc, 0x0,
    0x30, 0xb4, 0xbc, 0x0, 0x0, 0x0, 0x0, 0x0,

    /* U+975E "非" */
    0x0, 0x34, 0x70, 0x0, 0x0, 0xd1, 0xc0, 0x0,
    0x3, 0x47, 0x0, 0xf, 0xfd, 0x1f, 0xfe, 0x0,
    0x34, 0x70, 0x0, 0x0, 0xd1, 0xc0, 0x2, 0xff,
    0x47, 0xff, 0x0, 0xd, 0x1c, 0x0, 0x0, 0x34,
    0x70, 0x0, 0x0, 0xd1, 0xc0, 0x7, 0xff, 0x47,
    0xff, 0x80, 0xd, 0x1c, 0x0, 0x0, 0x34, 0x70,
    0x0, 0x0, 0xd1, 0xc0, 0x0, 0x0, 0x7, 0x0,
    0x0,

    /* U+9762 "面" */
    0x0, 0x0, 0x0, 0xf, 0xff, 0xff, 0xff, 0x0,
    0x1c, 0x0, 0x0, 0x2, 0x80, 0x0, 0x3f, 0xff,
    0xff, 0xc3, 0x4a, 0x9, 0x1c, 0x34, 0xa0, 0x91,
    0xc3, 0x4b, 0xfd, 0x1c, 0x34, 0xa0, 0x91, 0xc3,
    0x4b, 0xfd, 0x1c, 0x34, 0xa0, 0x91, 0xc3, 0x4a,
    0x9, 0x1c, 0x3f, 0xff, 0xff, 0xc3, 0x80, 0x0,
    0x2c,

    /* U+97F3 "音" */
    0x0, 0xd, 0x0, 0x0, 0x0, 0xe0, 0x0, 0x3f,
    0xff, 0xff, 0xc0, 0x14, 0x2, 0x40, 0x1, 0xc0,
    0x34, 0x4, 0xd, 0xb, 0x1, 0xaa, 0xaa, 0xaa,
    0xb0, 0x0, 0x0, 0x0, 0xb, 0xff, 0xfe, 0x0,
    0xa0, 0x0, 0xa0, 0xb, 0xff, 0xfe, 0x0, 0xa0,
    0x0, 0xa0, 0xa, 0x0, 0xa, 0x0, 0xbf, 0xff,
    0xe0, 0xa, 0x0, 0xa, 0x0, 0x0, 0x0, 0x0,

    /* U+9875 "页" */
    0x0, 0x0, 0x0, 0xb, 0xff, 0xff, 0xff, 0x0,
    0xa, 0x0, 0x0, 0x0, 0x90, 0x0, 0xb, 0xff,
    0xff, 0x0, 0xa0, 0x0, 0x30, 0xa, 0x9, 0x3,
    0x0, 0xa0, 0xe0, 0x30, 0xa, 0xd, 0x3, 0x0,
    0xa0, 0xc0, 0x30, 0x9, 0x2c, 0x42, 0x0, 0x7,
    0xf, 0x40, 0x7, 0xd0, 0x1f, 0x47, 0xe0, 0x0,
    0x2c, 0x10, 0x0, 0x0, 0x0,

    /* U+9884 "预" */
    0x0, 0x0, 0x0, 0x0, 0x3f, 0xf7, 0xff, 0xfc,
    0x0, 0xb0, 0xc, 0x0, 0x9, 0xc0, 0xc, 0x0,
    0x7, 0x41, 0xff, 0xf0, 0x1, 0x40, 0xc0, 0x30,
    0x3f, 0xfc, 0xca, 0x30, 0x3, 0x58, 0xc9, 0x30,
    0x3, 0x54, 0xc9, 0x30, 0x3, 0x40, 0xcc, 0x30,
    0x3, 0x40, 0xcc, 0x30, 0x3, 0x40, 0x29, 0x40,
    0x3, 0x40, 0xb0, 0xe0, 0x1e, 0x7, 0x80, 0x2c,
    0x0, 0x1, 0x0, 0x0,

    /* U+98CE "风" */
    0x3, 0xff, 0xff, 0xc0, 0x3, 0x0, 0x1, 0xc0,
    0x3, 0x0, 0x1, 0xc0, 0x3, 0x20, 0x39, 0xc0,
    0x3, 0x2c, 0x31, 0xc0, 0x3, 0xa, 0xa1, 0xc0,
    0x7, 0x3, 0xc1, 0xc0, 0x7, 0x2, 0xc1, 0xc0,
    0x6, 0x7, 0xa0, 0xc0, 0xa, 0x1d, 0x30, 0xc0,
    0xd, 0x74, 0x2c, 0xd0, 0x1c, 0x10, 0x4, 0xae,
    0x38, 0x0, 0x0, 0x7d, 0x20, 0x0, 0x0, 0x28,
    0x0, 0x0, 0x0, 0x0,

    /* U+9996 "首" */
    0x0, 0x0, 0x0, 0x0, 0x34, 0x3, 0x40, 0x1,
    0xc0, 0x30, 0x0, 0x8, 0xa, 0x0, 0xff, 0xff,
    0xff, 0xf0, 0x0, 0xc0, 0x0, 0x7, 0xff, 0xfd,
    0x0, 0xa5, 0x55, 0xe0, 0xa, 0x0, 0xa, 0x0,
    0xbf, 0xff, 0xe0, 0xa, 0x0, 0xa, 0x0, 0xbf,
    0xff, 0xe0, 0xa, 0x0, 0xa, 0x0, 0xa0, 0x0,
    0xe0, 0xb, 0xff, 0xfe, 0x0, 0xa0, 0x0, 0x0
};


/*---------------------
 *  GLYPH DESCRIPTION
 *--------------------*/

static const lv_font_fmt_txt_glyph_dsc_t glyph_dsc[] = {
    {.bitmap_index = 0, .adv_w = 0, .box_w = 0, .box_h = 0, .ofs_x = 0, .ofs_y = 0} /* id = 0 reserved */,
    {.bitmap_index = 0, .adv_w = 128, .box_w = 0, .box_h = 0, .ofs_x = 0, .ofs_y = 0},
    {.bitmap_index = 0, .adv_w = 128, .box_w = 2, .box_h = 12, .ofs_x = 3, .ofs_y = 0},
    {.bitmap_index = 6, .adv_w = 128, .box_w = 4, .box_h = 4, .ofs_x = 2, .ofs_y = 8},
    {.bitmap_index = 10, .adv_w = 128, .box_w = 8, .box_h = 12, .ofs_x = 0, .ofs_y = 0},
    {.bitmap_index = 34, .adv_w = 128, .box_w = 7, .box_h = 15, .ofs_x = 0, .ofs_y = -2},
    {.bitmap_index = 61, .adv_w = 128, .box_w = 8, .box_h = 12, .ofs_x = 0, .ofs_y = 0},
    {.bitmap_index = 85, .adv_w = 128, .box_w = 8, .box_h = 12, .ofs_x = 0, .ofs_y = 0},
    {.bitmap_index = 109, .adv_w = 128, .box_w = 3, .box_h = 4, .ofs_x = 2, .ofs_y = 8},
    {.bitmap_index = 112, .adv_w = 128, .box_w = 5, .box_h = 16, .ofs_x = 3, .ofs_y = -2},
    {.bitmap_index = 132, .adv_w = 128, .box_w = 5, .box_h = 16, .ofs_x = 0, .ofs_y = -2},
    {.bitmap_index = 152, .adv_w = 128, .box_w = 8, .box_h = 9, .ofs_x = 0, .ofs_y = 3},
    {.bitmap_index = 170, .adv_w = 128, .box_w = 8, .box_h = 8, .ofs_x = 0, .ofs_y = 2},
    {.bitmap_index = 186, .adv_w = 128, .box_w = 2, .box_h = 4, .ofs_x = 1, .ofs_y = -2},
    {.bitmap_index = 188, .adv_w = 128, .box_w = 8, .box_h = 2, .ofs_x = 0, .ofs_y = 5},
    {.bitmap_index = 192, .adv_w = 128, .box_w = 2, .box_h = 2, .ofs_x = 1, .ofs_y = 0},
    {.bitmap_index = 193, .adv_w = 128, .box_w = 8, .box_h = 14, .ofs_x = 0, .ofs_y = -1},
    {.bitmap_index = 221, .adv_w = 128, .box_w = 8, .box_h = 13, .ofs_x = 0, .ofs_y = -1},
    {.bitmap_index = 247, .adv_w = 128, .box_w = 4, .box_h = 12, .ofs_x = 1, .ofs_y = 0},
    {.bitmap_index = 259, .adv_w = 128, .box_w = 8, .box_h = 13, .ofs_x = 0, .ofs_y = 0},
    {.bitmap_index = 285, .adv_w = 128, .box_w = 8, .box_h = 12, .ofs_x = 0, .ofs_y = 0},
    {.bitmap_index = 309, .adv_w = 128, .box_w = 8, .box_h = 12, .ofs_x = 0, .ofs_y = 0},
    {.bitmap_index = 333, .adv_w = 128, .box_w = 8, .box_h = 12, .ofs_x = 0, .ofs_y = 0},
    {.bitmap_index = 357, .adv_w = 128, .box_w = 8, .box_h = 12, .ofs_x = 0, .ofs_y = 0},
    {.bitmap_index = 381, .adv_w = 128, .box_w = 8, .box_h = 12, .ofs_x = 0, .ofs_y = 0},
    {.bitmap_index = 405, .adv_w = 128, .box_w = 8, .box_h = 12, .ofs_x = 0, .ofs_y = 0},
    {.bitmap_index = 429, .adv_w = 128, .box_w = 8, .box_h = 12, .ofs_x = 0, .ofs_y = 0},
    {.bitmap_index = 453, .adv_w = 128, .box_w = 2, .box_h = 8, .ofs_x = 3, .ofs_y = 0},
    {.bitmap_index = 457, .adv_w = 128, .box_w = 2, .box_h = 10, .ofs_x = 3, .ofs_y = -2},
    {.bitmap_index = 462, .adv_w = 128, .box_w = 8, .box_h = 14, .ofs_x = 0, .ofs_y = -1},
    {.bitmap_index = 490, .adv_w = 128, .box_w = 8, .box_h = 6, .ofs_x = 0, .ofs_y = 3},
    {.bitmap_index = 502, .adv_w = 128, .box_w = 8, .box_h = 14, .ofs_x = 0, .ofs_y = -1},
    {.bitmap_index = 530, .adv_w = 128, .box_w = 7, .box_h = 12, .ofs_x = 0, .ofs_y = 0},
    {.bitmap_index = 551, .adv_w = 128, .box_w = 8, .box_h = 12, .ofs_x = 0, .ofs_y = 0},
    {.bitmap_index = 575, .adv_w = 128, .box_w = 8, .box_h = 12, .ofs_x = 0, .ofs_y = 0},
    {.bitmap_index = 599, .adv_w = 128, .box_w = 8, .box_h = 12, .ofs_x = 0, .ofs_y = 0},
    {.bitmap_index = 623, .adv_w = 128, .box_w = 8, .box_h = 12, .ofs_x = 0, .ofs_y = 0},
    {.bitmap_index = 647, .adv_w = 128, .box_w = 8, .box_h = 12, .ofs_x = 0, .ofs_y = 0},
    {.bitmap_index = 671, .adv_w = 128, .box_w = 8, .box_h = 12, .ofs_x = 0, .ofs_y = 0},
    {.bitmap_index = 695, .adv_w = 128, .box_w = 8, .box_h = 12, .ofs_x = 0, .ofs_y = 0},
    {.bitmap_index = 719, .adv_w = 128, .box_w = 8, .box_h = 12, .ofs_x = 0, .ofs_y = 0},
    {.bitmap_index = 743, .adv_w = 128, .box_w = 8, .box_h = 12, .ofs_x = 0, .ofs_y = 0},
    {.bitmap_index = 767, .adv_w = 128, .box_w = 2, .box_h = 12, .ofs_x = 3, .ofs_y = 0},
    {.bitmap_index = 773, .adv_w = 128, .box_w = 7, .box_h = 12, .ofs_x = 0, .ofs_y = 0},
    {.bitmap_index = 794, .adv_w = 128, .box_w = 8, .box_h = 12, .ofs_x = 0, .ofs_y = 0},
    {.bitmap_index = 818, .adv_w = 128, .box_w = 8, .box_h = 12, .ofs_x = 0, .ofs_y = 0},
    {.bitmap_index = 842, .adv_w = 128, .box_w = 8, .box_h = 12, .ofs_x = 0, .ofs_y = 0},
    {.bitmap_index = 866, .adv_w = 128, .box_w = 8, .box_h = 12, .ofs_x = 0, .ofs_y = 0},
    {.bitmap_index = 890, .adv_w = 128, .box_w = 8, .box_h = 12, .ofs_x = 0, .ofs_y = 0},
    {.bitmap_index = 914, .adv_w = 128, .box_w = 8, .box_h = 12, .ofs_x = 0, .ofs_y = 0},
    {.bitmap_index = 938, .adv_w = 128, .box_w = 8, .box_h = 13, .ofs_x = 0, .ofs_y = -1},
    {.bitmap_index = 964, .adv_w = 128, .box_w = 8, .box_h = 12, .ofs_x = 0, .ofs_y = 0},
    {.bitmap_index = 988, .adv_w = 128, .box_w = 8, .box_h = 12, .ofs_x = 0, .ofs_y = 0},
    {.bitmap_index = 1012, .adv_w = 128, .box_w = 8, .box_h = 12, .ofs_x = 0, .ofs_y = 0},
    {.bitmap_index = 1036, .adv_w = 128, .box_w = 8, .box_h = 12, .ofs_x = 0, .ofs_y = 0},
    {.bitmap_index = 1060, .adv_w = 128, .box_w = 8, .box_h = 12, .ofs_x = 0, .ofs_y = 0},
    {.bitmap_index = 1084, .adv_w = 128, .box_w = 8, .box_h = 12, .ofs_x = 0, .ofs_y = 0},
    {.bitmap_index = 1108, .adv_w = 128, .box_w = 8, .box_h = 12, .ofs_x = 0, .ofs_y = 0},
    {.bitmap_index = 1132, .adv_w = 128, .box_w = 8, .box_h = 12, .ofs_x = 0, .ofs_y = 0},
    {.bitmap_index = 1156, .adv_w = 128, .box_w = 8, .box_h = 12, .ofs_x = 0, .ofs_y = 0},
    {.bitmap_index = 1180, .adv_w = 128, .box_w = 5, .box_h = 16, .ofs_x = 3, .ofs_y = -2},
    {.bitmap_index = 1200, .adv_w = 128, .box_w = 8, .box_h = 14, .ofs_x = 0, .ofs_y = -2},
    {.bitmap_index = 1228, .adv_w = 128, .box_w = 5, .box_h = 16, .ofs_x = 0, .ofs_y = -2},
    {.bitmap_index = 1248, .adv_w = 128, .box_w = 7, .box_h = 3, .ofs_x = 0, .ofs_y = 11},
    {.bitmap_index = 1254, .adv_w = 128, .box_w = 8, .box_h = 1, .ofs_x = 0, .ofs_y = -2},
    {.bitmap_index = 1256, .adv_w = 128, .box_w = 4, .box_h = 3, .ofs_x = 2, .ofs_y = 11},
    {.bitmap_index = 1259, .adv_w = 128, .box_w = 8, .box_h = 8, .ofs_x = 0, .ofs_y = 0},
    {.bitmap_index = 1275, .adv_w = 128, .box_w = 8, .box_h = 12, .ofs_x = 0, .ofs_y = 0},
    {.bitmap_index = 1299, .adv_w = 128, .box_w = 8, .box_h = 8, .ofs_x = 0, .ofs_y = 0},
    {.bitmap_index = 1315, .adv_w = 128, .box_w = 7, .box_h = 12, .ofs_x = 0, .ofs_y = 0},
    {.bitmap_index = 1336, .adv_w = 128, .box_w = 8, .box_h = 8, .ofs_x = 0, .ofs_y = 0},
    {.bitmap_index = 1352, .adv_w = 128, .box_w = 8, .box_h = 12, .ofs_x = 0, .ofs_y = 0},
    {.bitmap_index = 1376, .adv_w = 128, .box_w = 8, .box_h = 11, .ofs_x = 0, .ofs_y = -2},
    {.bitmap_index = 1398, .adv_w = 128, .box_w = 7, .box_h = 12, .ofs_x = 0, .ofs_y = 0},
    {.bitmap_index = 1419, .adv_w = 128, .box_w = 2, .box_h = 12, .ofs_x = 3, .ofs_y = 0},
    {.bitmap_index = 1425, .adv_w = 128, .box_w = 5, .box_h = 14, .ofs_x = 1, .ofs_y = -2},
    {.bitmap_index = 1443, .adv_w = 128, .box_w = 8, .box_h = 12, .ofs_x = 0, .ofs_y = 0},
    {.bitmap_index = 1467, .adv_w = 128, .box_w = 2, .box_h = 12, .ofs_x = 3, .ofs_y = 0},
    {.bitmap_index = 1473, .adv_w = 128, .box_w = 8, .box_h = 8, .ofs_x = 0, .ofs_y = 0},
    {.bitmap_index = 1489, .adv_w = 128, .box_w = 7, .box_h = 8, .ofs_x = 0, .ofs_y = 0},
    {.bitmap_index = 1503, .adv_w = 128, .box_w = 8, .box_h = 8, .ofs_x = 0, .ofs_y = 0},
    {.bitmap_index = 1519, .adv_w = 128, .box_w = 8, .box_h = 10, .ofs_x = 0, .ofs_y = -2},
    {.bitmap_index = 1539, .adv_w = 128, .box_w = 7, .box_h = 10, .ofs_x = 0, .ofs_y = -2},
    {.bitmap_index = 1557, .adv_w = 128, .box_w = 6, .box_h = 8, .ofs_x = 1, .ofs_y = 0},
    {.bitmap_index = 1569, .adv_w = 128, .box_w = 6, .box_h = 8, .ofs_x = 1, .ofs_y = 0},
    {.bitmap_index = 1581, .adv_w = 128, .box_w = 7, .box_h = 11, .ofs_x = 0, .ofs_y = 0},
    {.bitmap_index = 1601, .adv_w = 128, .box_w = 7, .box_h = 8, .ofs_x = 0, .ofs_y = 0},
    {.bitmap_index = 1615, .adv_w = 128, .box_w = 8, .box_h = 8, .ofs_x = 0, .ofs_y = 0},
    {.bitmap_index = 1631, .adv_w = 128, .box_w = 8, .box_h = 8, .ofs_x = 0, .ofs_y = 0},
    {.bitmap_index = 1647, .adv_w = 128, .box_w = 8, .box_h = 8, .ofs_x = 0, .ofs_y = 0},
    {.bitmap_index = 1663, .adv_w = 128, .box_w = 8, .box_h = 10, .ofs_x = 0, .ofs_y = -2},
    {.bitmap_index = 1683, .adv_w = 128, .box_w = 7, .box_h = 8, .ofs_x = 0, .ofs_y = 0},
    {.bitmap_index = 1697, .adv_w = 128, .box_w = 4, .box_h = 15, .ofs_x = 3, .ofs_y = -2},
    {.bitmap_index = 1712, .adv_w = 128, .box_w = 2, .box_h = 17, .ofs_x = 3, .ofs_y = -2},
    {.bitmap_index = 1721, .adv_w = 128, .box_w = 5, .box_h = 15, .ofs_x = 0, .ofs_y = -2},
    {.bitmap_index = 1740, .adv_w = 128, .box_w = 8, .box_h = 5, .ofs_x = 0, .ofs_y = 11},
    {.bitmap_index = 1750, .adv_w = 256, .box_w = 4, .box_h = 5, .ofs_x = 2, .ofs_y = 8},
    {.bitmap_index = 1755, .adv_w = 256, .box_w = 16, .box_h = 2, .ofs_x = 0, .ofs_y = 5},
    {.bitmap_index = 1763, .adv_w = 256, .box_w = 15, .box_h = 13, .ofs_x = 0, .ofs_y = -1},
    {.bitmap_index = 1812, .adv_w = 256, .box_w = 16, .box_h = 14, .ofs_x = 0, .ofs_y = -1},
    {.bitmap_index = 1868, .adv_w = 256, .box_w = 13, .box_h = 15, .ofs_x = 1, .ofs_y = -2},
    {.bitmap_index = 1917, .adv_w = 256, .box_w = 16, .box_h = 11, .ofs_x = 0, .ofs_y = 0},
    {.bitmap_index = 1961, .adv_w = 256, .box_w = 14, .box_h = 15, .ofs_x = 1, .ofs_y = -2},
    {.bitmap_index = 2014, .adv_w = 256, .box_w = 14, .box_h = 13, .ofs_x = 1, .ofs_y = -1},
    {.bitmap_index = 2060, .adv_w = 256, .box_w = 14, .box_h = 16, .ofs_x = 1, .ofs_y = -2},
    {.bitmap_index = 2116, .adv_w = 256, .box_w = 15, .box_h = 16, .ofs_x = 0, .ofs_y = -2},
    {.bitmap_index = 2176, .adv_w = 256, .box_w = 16, .box_h = 14, .ofs_x = 0, .ofs_y = -1},
    {.bitmap_index = 2232, .adv_w = 256, .box_w = 16, .box_h = 16, .ofs_x = 0, .ofs_y = -2},
    {.bitmap_index = 2296, .adv_w = 256, .box_w = 16, .box_h = 14, .ofs_x = 0, .ofs_y = -1},
    {.bitmap_index = 2352, .adv_w = 256, .box_w = 16, .box_h = 16, .ofs_x = 0, .ofs_y = -2},
    {.bitmap_index = 2416, .adv_w = 256, .box_w = 16, .box_h = 15, .ofs_x = 0, .ofs_y = -2},
    {.bitmap_index = 2476, .adv_w = 256, .box_w = 16, .box_h = 16, .ofs_x = 0, .ofs_y = -2},
    {.bitmap_index = 2540, .adv_w = 256, .box_w = 16, .box_h = 15, .ofs_x = 0, .ofs_y = -2},
    {.bitmap_index = 2600, .adv_w = 256, .box_w = 14, .box_h = 15, .ofs_x = 1, .ofs_y = -2},
    {.bitmap_index = 2653, .adv_w = 256, .box_w = 14, .box_h = 16, .ofs_x = 1, .ofs_y = -2},
    {.bitmap_index = 2709, .adv_w = 256, .box_w = 15, .box_h = 16, .ofs_x = 1, .ofs_y = -2},
    {.bitmap_index = 2769, .adv_w = 256, .box_w = 14, .box_h = 15, .ofs_x = 1, .ofs_y = -2},
    {.bitmap_index = 2822, .adv_w = 256, .box_w = 15, .box_h = 15, .ofs_x = 0, .ofs_y = -2},
    {.bitmap_index = 2879, .adv_w = 256, .box_w = 15, .box_h = 15, .ofs_x = 0, .ofs_y = -2},
    {.bitmap_index = 2936, .adv_w = 256, .box_w = 15, .box_h = 15, .ofs_x = 0, .ofs_y = -2},
    {.bitmap_index = 2993, .adv_w = 256, .box_w = 16, .box_h = 16, .ofs_x = 0, .ofs_y = -2},
    {.bitmap_index = 3057, .adv_w = 256, .box_w = 16, .box_h = 15, .ofs_x = 0, .ofs_y = -2},
    {.bitmap_index = 3117, .adv_w = 256, .box_w = 16, .box_h = 15, .ofs_x = 0, .ofs_y = -2},
    {.bitmap_index = 3177, .adv_w = 256, .box_w = 16, .box_h = 13, .ofs_x = 0, .ofs_y = -1},
    {.bitmap_index = 3229, .adv_w = 256, .box_w = 15, .box_h = 16, .ofs_x = 1, .ofs_y = -3},
    {.bitmap_index = 3289, .adv_w = 256, .box_w = 15, .box_h = 15, .ofs_x = 0, .ofs_y = -2},
    {.bitmap_index = 3346, .adv_w = 256, .box_w = 16, .box_h = 16, .ofs_x = 0, .ofs_y = -2},
    {.bitmap_index = 3410, .adv_w = 256, .box_w = 16, .box_h = 14, .ofs_x = 0, .ofs_y = -1},
    {.bitmap_index = 3466, .adv_w = 256, .box_w = 16, .box_h = 15, .ofs_x = 0, .ofs_y = -3},
    {.bitmap_index = 3526, .adv_w = 256, .box_w = 14, .box_h = 17, .ofs_x = 0, .ofs_y = -3},
    {.bitmap_index = 3586, .adv_w = 256, .box_w = 14, .box_h = 14, .ofs_x = 1, .ofs_y = -1},
    {.bitmap_index = 3635, .adv_w = 256, .box_w = 14, .box_h = 16, .ofs_x = 0, .ofs_y = -2},
    {.bitmap_index = 3691, .adv_w = 256, .box_w = 15, .box_h = 15, .ofs_x = 1, .ofs_y = -2},
    {.bitmap_index = 3748, .adv_w = 256, .box_w = 16, .box_h = 14, .ofs_x = 0, .ofs_y = -2},
    {.bitmap_index = 3804, .adv_w = 256, .box_w = 14, .box_h = 14, .ofs_x = 1, .ofs_y = -2},
    {.bitmap_index = 3853, .adv_w = 256, .box_w = 14, .box_h = 15, .ofs_x = 1, .ofs_y = -3},
    {.bitmap_index = 3906, .adv_w = 256, .box_w = 16, .box_h = 14, .ofs_x = 0, .ofs_y = -1},
    {.bitmap_index = 3962, .adv_w = 256, .box_w = 16, .box_h = 16, .ofs_x = 0, .ofs_y = -2},
    {.bitmap_index = 4026, .adv_w = 256, .box_w = 16, .box_h = 15, .ofs_x = 0, .ofs_y = -2},
    {.bitmap_index = 4086, .adv_w = 256, .box_w = 15, .box_h = 15, .ofs_x = 0, .ofs_y = -2},
    {.bitmap_index = 4143, .adv_w = 256, .box_w = 14, .box_h = 15, .ofs_x = 1, .ofs_y = -2},
    {.bitmap_index = 4196, .adv_w = 256, .box_w = 16, .box_h = 17, .ofs_x = 0, .ofs_y = -3},
    {.bitmap_index = 4264, .adv_w = 256, .box_w = 16, .box_h = 15, .ofs_x = 0, .ofs_y = -2},
    {.bitmap_index = 4324, .adv_w = 256, .box_w = 16, .box_h = 15, .ofs_x = 0, .ofs_y = -2},
    {.bitmap_index = 4384, .adv_w = 256, .box_w = 16, .box_h = 15, .ofs_x = 0, .ofs_y = -2},
    {.bitmap_index = 4444, .adv_w = 256, .box_w = 15, .box_h = 16, .ofs_x = 0, .ofs_y = -2},
    {.bitmap_index = 4504, .adv_w = 256, .box_w = 16, .box_h = 17, .ofs_x = 0, .ofs_y = -3},
    {.bitmap_index = 4572, .adv_w = 256, .box_w = 16, .box_h = 16, .ofs_x = 0, .ofs_y = -2},
    {.bitmap_index = 4636, .adv_w = 256, .box_w = 16, .box_h = 15, .ofs_x = 0, .ofs_y = -1},
    {.bitmap_index = 4696, .adv_w = 256, .box_w = 15, .box_h = 16, .ofs_x = 1, .ofs_y = -2},
    {.bitmap_index = 4756, .adv_w = 256, .box_w = 14, .box_h = 15, .ofs_x = 1, .ofs_y = -1},
    {.bitmap_index = 4809, .adv_w = 256, .box_w = 16, .box_h = 15, .ofs_x = 0, .ofs_y = -2},
    {.bitmap_index = 4869, .adv_w = 256, .box_w = 16, .box_h = 15, .ofs_x = 0, .ofs_y = -2},
    {.bitmap_index = 4929, .adv_w = 256, .box_w = 14, .box_h = 15, .ofs_x = 1, .ofs_y = -2},
    {.bitmap_index = 4982, .adv_w = 256, .box_w = 14, .box_h = 14, .ofs_x = 1, .ofs_y = -1},
    {.bitmap_index = 5031, .adv_w = 256, .box_w = 16, .box_h = 15, .ofs_x = 0, .ofs_y = -2},
    {.bitmap_index = 5091, .adv_w = 256, .box_w = 14, .box_h = 15, .ofs_x = 1, .ofs_y = -2},
    {.bitmap_index = 5144, .adv_w = 256, .box_w = 16, .box_h = 16, .ofs_x = 0, .ofs_y = -2},
    {.bitmap_index = 5208, .adv_w = 256, .box_w = 16, .box_h = 15, .ofs_x = 0, .ofs_y = -2},
    {.bitmap_index = 5268, .adv_w = 256, .box_w = 16, .box_h = 15, .ofs_x = 0, .ofs_y = -2},
    {.bitmap_index = 5328, .adv_w = 256, .box_w = 16, .box_h = 16, .ofs_x = 0, .ofs_y = -2},
    {.bitmap_index = 5392, .adv_w = 256, .box_w = 16, .box_h = 14, .ofs_x = 0, .ofs_y = -1},
    {.bitmap_index = 5448, .adv_w = 256, .box_w = 16, .box_h = 14, .ofs_x = 0, .ofs_y = -2},
    {.bitmap_index = 5504, .adv_w = 256, .box_w = 16, .box_h = 16, .ofs_x = 0, .ofs_y = -2},
    {.bitmap_index = 5568, .adv_w = 256, .box_w = 16, .box_h = 17, .ofs_x = 0, .ofs_y = -3},
    {.bitmap_index = 5636, .adv_w = 256, .box_w = 14, .box_h = 15, .ofs_x = 1, .ofs_y = -2},
    {.bitmap_index = 5689, .adv_w = 256, .box_w = 14, .box_h = 15, .ofs_x = 1, .ofs_y = -2},
    {.bitmap_index = 5742, .adv_w = 256, .box_w = 16, .box_h = 15, .ofs_x = 0, .ofs_y = -2},
    {.bitmap_index = 5802, .adv_w = 256, .box_w = 16, .box_h = 15, .ofs_x = 0, .ofs_y = -1},
    {.bitmap_index = 5862, .adv_w = 256, .box_w = 16, .box_h = 14, .ofs_x = 0, .ofs_y = -1},
    {.bitmap_index = 5918, .adv_w = 256, .box_w = 16, .box_h = 16, .ofs_x = 0, .ofs_y = -2},
    {.bitmap_index = 5982, .adv_w = 256, .box_w = 16, .box_h = 15, .ofs_x = 0, .ofs_y = -2},
    {.bitmap_index = 6042, .adv_w = 256, .box_w = 16, .box_h = 15, .ofs_x = 0, .ofs_y = -2},
    {.bitmap_index = 6102, .adv_w = 256, .box_w = 16, .box_h = 15, .ofs_x = 0, .ofs_y = -2},
    {.bitmap_index = 6162, .adv_w = 256, .box_w = 16, .box_h = 14, .ofs_x = 0, .ofs_y = -1},
    {.bitmap_index = 6218, .adv_w = 256, .box_w = 16, .box_h = 15, .ofs_x = 0, .ofs_y = -2},
    {.bitmap_index = 6278, .adv_w = 256, .box_w = 16, .box_h = 16, .ofs_x = 0, .ofs_y = -2},
    {.bitmap_index = 6342, .adv_w = 256, .box_w = 16, .box_h = 16, .ofs_x = 0, .ofs_y = -2},
    {.bitmap_index = 6406, .adv_w = 256, .box_w = 15, .box_h = 15, .ofs_x = 0, .ofs_y = -2},
    {.bitmap_index = 6463, .adv_w = 256, .box_w = 16, .box_h = 16, .ofs_x = 0, .ofs_y = -2},
    {.bitmap_index = 6527, .adv_w = 256, .box_w = 16, .box_h = 16, .ofs_x = 0, .ofs_y = -3},
    {.bitmap_index = 6591, .adv_w = 256, .box_w = 15, .box_h = 16, .ofs_x = 0, .ofs_y = -2},
    {.bitmap_index = 6651, .adv_w = 256, .box_w = 16, .box_h = 15, .ofs_x = 0, .ofs_y = -2},
    {.bitmap_index = 6711, .adv_w = 256, .box_w = 11, .box_h = 13, .ofs_x = 3, .ofs_y = -1},
    {.bitmap_index = 6747, .adv_w = 256, .box_w = 16, .box_h = 15, .ofs_x = 0, .ofs_y = -3},
    {.bitmap_index = 6807, .adv_w = 256, .box_w = 15, .box_h = 15, .ofs_x = 1, .ofs_y = -2},
    {.bitmap_index = 6864, .adv_w = 256, .box_w = 14, .box_h = 14, .ofs_x = 1, .ofs_y = -1},
    {.bitmap_index = 6913, .adv_w = 256, .box_w = 13, .box_h = 14, .ofs_x = 1, .ofs_y = -2},
    {.bitmap_index = 6959, .adv_w = 256, .box_w = 15, .box_h = 15, .ofs_x = 0, .ofs_y = -2},
    {.bitmap_index = 7016, .adv_w = 256, .box_w = 16, .box_h = 14, .ofs_x = 0, .ofs_y = -1},
    {.bitmap_index = 7072, .adv_w = 256, .box_w = 16, .box_h = 17, .ofs_x = 0, .ofs_y = -3},
    {.bitmap_index = 7140, .adv_w = 256, .box_w = 16, .box_h = 14, .ofs_x = 0, .ofs_y = -1},
    {.bitmap_index = 7196, .adv_w = 256, .box_w = 16, .box_h = 16, .ofs_x = 0, .ofs_y = -2},
    {.bitmap_index = 7260, .adv_w = 256, .box_w = 16, .box_h = 14, .ofs_x = 0, .ofs_y = -1},
    {.bitmap_index = 7316, .adv_w = 256, .box_w = 16, .box_h = 15, .ofs_x = 0, .ofs_y = -2},
    {.bitmap_index = 7376, .adv_w = 256, .box_w = 16, .box_h = 15, .ofs_x = 0, .ofs_y = -2},
    {.bitmap_index = 7436, .adv_w = 256, .box_w = 16, .box_h = 15, .ofs_x = 0, .ofs_y = -2},
    {.bitmap_index = 7496, .adv_w = 256, .box_w = 15, .box_h = 13, .ofs_x = 0, .ofs_y = -1},
    {.bitmap_index = 7545, .adv_w = 256, .box_w = 15, .box_h = 13, .ofs_x = 0, .ofs_y = -1},
    {.bitmap_index = 7594, .adv_w = 256, .box_w = 16, .box_h = 15, .ofs_x = 0, .ofs_y = -2},
    {.bitmap_index = 7654, .adv_w = 256, .box_w = 15, .box_h = 15, .ofs_x = 0, .ofs_y = -2},
    {.bitmap_index = 7711, .adv_w = 256, .box_w = 15, .box_h = 16, .ofs_x = 0, .ofs_y = -3},
    {.bitmap_index = 7771, .adv_w = 256, .box_w = 16, .box_h = 15, .ofs_x = 0, .ofs_y = -2},
    {.bitmap_index = 7831, .adv_w = 256, .box_w = 16, .box_h = 15, .ofs_x = 0, .ofs_y = -2},
    {.bitmap_index = 7891, .adv_w = 256, .box_w = 16, .box_h = 16, .ofs_x = 0, .ofs_y = -2},
    {.bitmap_index = 7955, .adv_w = 256, .box_w = 16, .box_h = 15, .ofs_x = 0, .ofs_y = -2},
    {.bitmap_index = 8015, .adv_w = 256, .box_w = 16, .box_h = 15, .ofs_x = 0, .ofs_y = -2},
    {.bitmap_index = 8075, .adv_w = 256, .box_w = 16, .box_h = 16, .ofs_x = 0, .ofs_y = -2},
    {.bitmap_index = 8139, .adv_w = 256, .box_w = 16, .box_h = 15, .ofs_x = 0, .ofs_y = -2},
    {.bitmap_index = 8199, .adv_w = 256, .box_w = 15, .box_h = 14, .ofs_x = 1, .ofs_y = -1},
    {.bitmap_index = 8252, .adv_w = 256, .box_w = 16, .box_h = 15, .ofs_x = 0, .ofs_y = -2},
    {.bitmap_index = 8312, .adv_w = 256, .box_w = 15, .box_h = 14, .ofs_x = 0, .ofs_y = -1},
    {.bitmap_index = 8365, .adv_w = 256, .box_w = 14, .box_h = 15, .ofs_x = 1, .ofs_y = -2},
    {.bitmap_index = 8418, .adv_w = 256, .box_w = 16, .box_h = 16, .ofs_x = 0, .ofs_y = -2},
    {.bitmap_index = 8482, .adv_w = 256, .box_w = 16, .box_h = 15, .ofs_x = 0, .ofs_y = -2},
    {.bitmap_index = 8542, .adv_w = 256, .box_w = 15, .box_h = 16, .ofs_x = 0, .ofs_y = -2},
    {.bitmap_index = 8602, .adv_w = 256, .box_w = 16, .box_h = 16, .ofs_x = 0, .ofs_y = -3},
    {.bitmap_index = 8666, .adv_w = 256, .box_w = 15, .box_h = 16, .ofs_x = 1, .ofs_y = -2},
    {.bitmap_index = 8726, .adv_w = 256, .box_w = 16, .box_h = 16, .ofs_x = 0, .ofs_y = -2},
    {.bitmap_index = 8790, .adv_w = 256, .box_w = 16, .box_h = 15, .ofs_x = 0, .ofs_y = -2},
    {.bitmap_index = 8850, .adv_w = 256, .box_w = 16, .box_h = 15, .ofs_x = 0, .ofs_y = -2},
    {.bitmap_index = 8910, .adv_w = 256, .box_w = 16, .box_h = 16, .ofs_x = 0, .ofs_y = -2},
    {.bitmap_index = 8974, .adv_w = 256, .box_w = 16, .box_h = 16, .ofs_x = 0, .ofs_y = -2},
    {.bitmap_index = 9038, .adv_w = 256, .box_w = 15, .box_h = 13, .ofs_x = 1, .ofs_y = -1},
    {.bitmap_index = 9087, .adv_w = 256, .box_w = 12, .box_h = 15, .ofs_x = 2, .ofs_y = -1},
    {.bitmap_index = 9132, .adv_w = 256, .box_w = 16, .box_h = 15, .ofs_x = 0, .ofs_y = -2},
    {.bitmap_index = 9192, .adv_w = 256, .box_w = 16, .box_h = 15, .ofs_x = 0, .ofs_y = -2},
    {.bitmap_index = 9252, .adv_w = 256, .box_w = 16, .box_h = 14, .ofs_x = 0, .ofs_y = -1},
    {.bitmap_index = 9308, .adv_w = 256, .box_w = 16, .box_h = 15, .ofs_x = 0, .ofs_y = -2},
    {.bitmap_index = 9368, .adv_w = 256, .box_w = 16, .box_h = 15, .ofs_x = 0, .ofs_y = -2},
    {.bitmap_index = 9428, .adv_w = 256, .box_w = 16, .box_h = 16, .ofs_x = 0, .ofs_y = -2},
    {.bitmap_index = 9492, .adv_w = 256, .box_w = 16, .box_h = 16, .ofs_x = 0, .ofs_y = -3},
    {.bitmap_index = 9556, .adv_w = 256, .box_w = 16, .box_h = 16, .ofs_x = 0, .ofs_y = -2},
    {.bitmap_index = 9620, .adv_w = 256, .box_w = 16, .box_h = 16, .ofs_x = 0, .ofs_y = -2},
    {.bitmap_index = 9684, .adv_w = 256, .box_w = 16, .box_h = 16, .ofs_x = 0, .ofs_y = -2},
    {.bitmap_index = 9748, .adv_w = 256, .box_w = 16, .box_h = 15, .ofs_x = 0, .ofs_y = -2},
    {.bitmap_index = 9808, .adv_w = 256, .box_w = 16, .box_h = 16, .ofs_x = 0, .ofs_y = -3},
    {.bitmap_index = 9872, .adv_w = 256, .box_w = 15, .box_h = 15, .ofs_x = 0, .ofs_y = -2},
    {.bitmap_index = 9929, .adv_w = 256, .box_w = 16, .box_h = 16, .ofs_x = 0, .ofs_y = -2},
    {.bitmap_index = 9993, .adv_w = 256, .box_w = 16, .box_h = 16, .ofs_x = 0, .ofs_y = -2},
    {.bitmap_index = 10057, .adv_w = 256, .box_w = 16, .box_h = 14, .ofs_x = 0, .ofs_y = -2},
    {.bitmap_index = 10113, .adv_w = 256, .box_w = 16, .box_h = 16, .ofs_x = 0, .ofs_y = -2},
    {.bitmap_index = 10177, .adv_w = 256, .box_w = 16, .box_h = 15, .ofs_x = 0, .ofs_y = -2},
    {.bitmap_index = 10237, .adv_w = 256, .box_w = 16, .box_h = 15, .ofs_x = 0, .ofs_y = -2},
    {.bitmap_index = 10297, .adv_w = 256, .box_w = 16, .box_h = 14, .ofs_x = 0, .ofs_y = -1},
    {.bitmap_index = 10353, .adv_w = 256, .box_w = 16, .box_h = 15, .ofs_x = 0, .ofs_y = -2},
    {.bitmap_index = 10413, .adv_w = 256, .box_w = 16, .box_h = 15, .ofs_x = 0, .ofs_y = -2},
    {.bitmap_index = 10473, .adv_w = 256, .box_w = 16, .box_h = 15, .ofs_x = 0, .ofs_y = -2},
    {.bitmap_index = 10533, .adv_w = 256, .box_w = 16, .box_h = 15, .ofs_x = 0, .ofs_y = -2},
    {.bitmap_index = 10593, .adv_w = 256, .box_w = 15, .box_h = 13, .ofs_x = 0, .ofs_y = -1},
    {.bitmap_index = 10642, .adv_w = 256, .box_w = 15, .box_h = 15, .ofs_x = 0, .ofs_y = -2},
    {.bitmap_index = 10699, .adv_w = 256, .box_w = 16, .box_h = 16, .ofs_x = 0, .ofs_y = -2},
    {.bitmap_index = 10763, .adv_w = 256, .box_w = 14, .box_h = 15, .ofs_x = 1, .ofs_y = -2},
    {.bitmap_index = 10816, .adv_w = 256, .box_w = 14, .box_h = 16, .ofs_x = 1, .ofs_y = -2},
    {.bitmap_index = 10872, .adv_w = 256, .box_w = 14, .box_h = 15, .ofs_x = 1, .ofs_y = -2},
    {.bitmap_index = 10925, .adv_w = 256, .box_w = 14, .box_h = 14, .ofs_x = 1, .ofs_y = -2},
    {.bitmap_index = 10974, .adv_w = 256, .box_w = 15, .box_h = 15, .ofs_x = 1, .ofs_y = -2},
    {.bitmap_index = 11031, .adv_w = 256, .box_w = 15, .box_h = 15, .ofs_x = 1, .ofs_y = -2},
    {.bitmap_index = 11088, .adv_w = 256, .box_w = 15, .box_h = 14, .ofs_x = 1, .ofs_y = -1},
    {.bitmap_index = 11141, .adv_w = 256, .box_w = 15, .box_h = 16, .ofs_x = 1, .ofs_y = -2},
    {.bitmap_index = 11201, .adv_w = 256, .box_w = 15, .box_h = 14, .ofs_x = 1, .ofs_y = -1},
    {.bitmap_index = 11254, .adv_w = 256, .box_w = 14, .box_h = 15, .ofs_x = 1, .ofs_y = -2},
    {.bitmap_index = 11307, .adv_w = 256, .box_w = 15, .box_h = 16, .ofs_x = 0, .ofs_y = -3},
    {.bitmap_index = 11367, .adv_w = 256, .box_w = 15, .box_h = 15, .ofs_x = 0, .ofs_y = -2},
    {.bitmap_index = 11424, .adv_w = 256, .box_w = 16, .box_h = 15, .ofs_x = 0, .ofs_y = -2},
    {.bitmap_index = 11484, .adv_w = 256, .box_w = 15, .box_h = 15, .ofs_x = 0, .ofs_y = -2},
    {.bitmap_index = 11541, .adv_w = 256, .box_w = 16, .box_h = 16, .ofs_x = 0, .ofs_y = -2},
    {.bitmap_index = 11605, .adv_w = 256, .box_w = 15, .box_h = 15, .ofs_x = 0, .ofs_y = -2},
    {.bitmap_index = 11662, .adv_w = 256, .box_w = 14, .box_h = 14, .ofs_x = 1, .ofs_y = -1},
    {.bitmap_index = 11711, .adv_w = 256, .box_w = 14, .box_h = 16, .ofs_x = 1, .ofs_y = -3},
    {.bitmap_index = 11767, .adv_w = 256, .box_w = 14, .box_h = 15, .ofs_x = 1, .ofs_y = -2},
    {.bitmap_index = 11820, .adv_w = 256, .box_w = 16, .box_h = 15, .ofs_x = 0, .ofs_y = -2},
    {.bitmap_index = 11880, .adv_w = 256, .box_w = 16, .box_h = 15, .ofs_x = 0, .ofs_y = -3},
    {.bitmap_index = 11940, .adv_w = 256, .box_w = 14, .box_h = 16, .ofs_x = 1, .ofs_y = -2}
};

/*---------------------
 *  CHARACTER MAPPING
 *--------------------*/

static const uint16_t unicode_list_1[] = {
    0x0, 0x4d50, 0x4d59, 0x4d5a, 0x4d7d, 0x4ddc, 0x4de1, 0x4de4,
    0x4dfc, 0x4e70, 0x4f2d, 0x4f31, 0x4f8c, 0x4fac, 0x4fb5, 0x501f,
    0x5099, 0x50bd, 0x50c3, 0x5156, 0x516a, 0x5180, 0x5186, 0x5187,
    0x519d, 0x51ef, 0x51f8, 0x5267, 0x52a7, 0x52d6, 0x5342, 0x5346,
    0x5347, 0x535d, 0x5361, 0x537f, 0x5507, 0x55b8, 0x562b, 0x564e,
    0x5680, 0x571e, 0x57d3, 0x5840, 0x586a, 0x586c, 0x5877, 0x5879,
    0x5881, 0x58d2, 0x591b, 0x5aa8, 0x5ab2, 0x5ad1, 0x5b03, 0x5b0e,
    0x5b16, 0x5b5f, 0x5d42, 0x5d52, 0x5d88, 0x5dc4, 0x5dcc, 0x5df6,
    0x5e07, 0x5e50, 0x5e52, 0x5e5f, 0x5e7f, 0x5e8a, 0x5ea3, 0x5ed5,
    0x5f51, 0x606f, 0x6160, 0x619b, 0x61f5, 0x6239, 0x624c, 0x62be,
    0x62f5, 0x62f7, 0x64c0, 0x64e1, 0x6500, 0x6509, 0x6530, 0x6535,
    0x656f, 0x65c4, 0x65d2, 0x6658, 0x666f, 0x667a, 0x66b1, 0x66b5,
    0x6810, 0x685d, 0x6971, 0x6a71, 0x6a72, 0x6ab2, 0x6ab3, 0x6b64,
    0x6c9b, 0x6d55, 0x6d79, 0x6dcf, 0x6fbf, 0x7086, 0x70b7, 0x71b9,
    0x7206, 0x72d9, 0x72ff, 0x746f, 0x748b, 0x7515, 0x7751, 0x77be,
    0x7940, 0x79ca, 0x7a99, 0x7bc3, 0x7c4b, 0x7e09, 0x7e2f, 0x7ebe,
    0x813a, 0x8299, 0x82bf, 0x831c, 0x85bb, 0x85ec, 0x864e, 0x8765,
    0x8918, 0x8ab6, 0x8af4, 0x8b0e, 0x8b3d, 0x8b53, 0x8c75, 0x8c7a,
    0x8d2f, 0x8eb6, 0x8f1e, 0x8f2b, 0x8f2e, 0x8f59, 0x8f6f, 0x8fcf,
    0x909d, 0x911f, 0x93ef, 0x9458, 0x953d, 0x9544, 0x9558, 0x9584,
    0x9585, 0x95df, 0x95e4, 0x95ec, 0x9638, 0x963a, 0x9647, 0x964e,
    0x9659, 0x968e, 0x96a9, 0x96ae, 0x96b2, 0x9743, 0x97c5, 0x97d4,
    0x981e, 0x98e6
};

/*Collect the unicode lists and glyph_id offsets*/
static const lv_font_fmt_txt_cmap_t cmaps[] =
{
    {
        .range_start = 32, .range_length = 95, .glyph_id_start = 1,
        .unicode_list = NULL, .glyph_id_ofs_list = NULL, .list_length = 0, .type = LV_FONT_FMT_TXT_CMAP_FORMAT0_TINY
    },
    {
        .range_start = 176, .range_length = 39143, .glyph_id_start = 96,
        .unicode_list = unicode_list_1, .glyph_id_ofs_list = NULL, .list_length = 178, .type = LV_FONT_FMT_TXT_CMAP_SPARSE_TINY
    }
};



/*--------------------
 *  ALL CUSTOM DATA
 *--------------------*/

#if LVGL_VERSION_MAJOR == 8
/*Store all the custom data of the font*/
static  lv_font_fmt_txt_glyph_cache_t cache;
#endif

#if LVGL_VERSION_MAJOR >= 8
static const lv_font_fmt_txt_dsc_t font_dsc = {
#else
static lv_font_fmt_txt_dsc_t font_dsc = {
#endif
    .glyph_bitmap = glyph_bitmap,
    .glyph_dsc = glyph_dsc,
    .cmaps = cmaps,
    .kern_dsc = NULL,
    .kern_scale = 0,
    .cmap_num = 2,
    .bpp = 2,
    .kern_classes = 0,
    .bitmap_format = 0,
#if LVGL_VERSION_MAJOR == 8
    .cache = &cache
#endif

};



/*-----------------
 *  PUBLIC FONT
 *----------------*/

/*Initialize a public general font descriptor*/
#if LVGL_VERSION_MAJOR >= 8
const lv_font_t myfont = {
#else
lv_font_t myfont = {
#endif
    .get_glyph_dsc = lv_font_get_glyph_dsc_fmt_txt,    /*Function pointer to get glyph's data*/
    .get_glyph_bitmap = lv_font_get_bitmap_fmt_txt,    /*Function pointer to get glyph's bitmap*/
    .line_height = 19,          /*The maximum line height required by the font*/
    .base_line = 3,             /*Baseline measured from the bottom of the line*/
#if !(LVGL_VERSION_MAJOR == 6 && LVGL_VERSION_MINOR == 0)
    .subpx = LV_FONT_SUBPX_NONE,
#endif
#if LV_VERSION_CHECK(7, 4, 0) || LVGL_VERSION_MAJOR >= 8
    .underline_position = -1,
    .underline_thickness = 1,
#endif
    .dsc = &font_dsc,          /*The custom font data. Will be accessed by `get_glyph_bitmap/dsc` */
#if LV_VERSION_CHECK(8, 2, 0) || LVGL_VERSION_MAJOR >= 9
    .fallback = NULL,
#endif
    .user_data = NULL,
};



#endif /*#if MYFONT*/
